file,chunk_id,slice_id,band_id,detection_prob,dm_pc_cm-3,t_sec_dm_time,t_sec_waterfall,t_sample,mjd_utc,mjd_bary_utc,mjd_bary_tdb,mjd_bary_utc_inf,mjd_bary_tdb_inf,x1,y1,x2,y2,snr_waterfall,snr_patch_dedispersed,width_ms,class_prob_intensity,is_burst_intensity,class_prob_linear,is_burst_linear,is_burst,patch_file
B0355+54_FB_20220918.fits,0,0,0,0.848,56.69,0.786532,0.342567,1920,59840.415403710700,59840.415403710700,59840.415403710700,59840.415403710700,59840.415403710700,391,39,420,372,13.42,21.88,2.458,1.000,burst,,,burst,patch_slice0_band141.png
B0355+54_FB_20220918.fits,0,0,0,0.785,55.65,0.631293,0.342567,1541,59840.415401913953,59840.415401913953,59840.415401913953,59840.415401913953,59840.415401913953,311,33,340,371,13.42,16.82,5.734,1.000,burst,,,burst,patch_slice0_band141.png
B0355+54_FB_20220918.fits,0,0,0,0.772,56.69,0.315564,0.342567,770,59840.415398259684,59840.415398259684,59840.415398259684,59840.415398259684,59840.415398259684,145,15,180,396,13.42,42.74,2.458,1.000,burst,,,burst,patch_slice0_band141.png
B0355+54_FB_20220918.fits,0,0,0,0.693,54.56,0.157617,0.342567,384,59840.415396431592,59840.415396431592,59840.415396431592,59840.415396431592,59840.415396431592,67,30,95,365,13.42,18.76,3.686,1.000,burst,,,burst,patch_slice0_band141.png
B0355+54_FB_20220918.fits,0,0,0,0.637,55.64,0.469405,0.342567,1146,59840.415400040249,59840.415400040249,59840.415400040249,59840.415400040249,59840.415400040249,228,50,256,353,13.42,14.48,8.192,1.000,burst,,,burst,patch_slice0_band141.png
B0355+54_FB_20220918.fits,0,0,0,0.329,50.11,0.941426,0.342567,2298,59840.415405503452,59840.415405503452,59840.415405503452,59840.415405503452,59840.415405503452,476,61,495,302,13.42,7.01,12.288,0.622,burst,,,burst,patch_slice0_band141.png
B0355+54_FB_20220918.fits,0,1,0,0.922,56.81,1.879508,1.593593,2167,59840.415416360884,59840.415416360884,59840.415416360884,59840.415416360884,59840.415416360884,451,126,464,285,16.64,9.54,12.288,0.035,no_burst,,,no_burst,patch_slice1_band141.png
B0355+54_FB_20220918.fits,0,1,0,0.872,56.67,1.569022,1.593593,1409,59840.415412767295,59840.415412767295,59840.415412767295,59840.415412767295,59840.415412767295,284,27,312,384,16.64,13.53,1.638,1.000,burst,,,burst,patch_slice1_band141.png
B0355+54_FB_20220918.fits,0,1,0,0.851,56.63,1.256890,1.593593,647,59840.415409154659,59840.415409154659,59840.415409154659,59840.415409154659,59840.415409154659,128,121,145,289,16.64,15.08,2.458,1.000,burst,,,burst,patch_slice1_band141.png
B0355+54_FB_20220918.fits,0,1,0,0.831,56.87,1.725052,1.593593,1790,59840.415414573203,59840.415414573203,59840.415414573203,59840.415414573203,59840.415414573203,371,144,385,268,16.64,5.69,1.638,0.019,no_burst,,,no_burst,patch_slice1_band141.png
B0355+54_FB_20220918.fits,0,1,0,0.823,55.67,1.095334,1.593593,253,59840.415407284803,59840.415407284803,59840.415407284803,59840.415407284803,59840.415407284803,48,126,58,278,16.64,13.19,2.458,0.999,burst,,,burst,patch_slice1_band141.png
B0355+54_FB_20220918.fits,0,1,0,0.434,54.53,1.412292,1.593593,1026,59840.415410953297,59840.415410953297,59840.415410953297,59840.415410953297,59840.415410953297,208,98,225,297,16.64,12.28,12.288,0.488,no_burst,,,no_burst,patch_slice1_band141.png
B0355+54_FB_20220918.fits,0,2,0,0.711,55.62,2.190754,2.161533,506,59840.415419963269,59840.415419963269,59840.415419963269,59840.415419963269,59840.415419963269,93,45,120,358,34.62,11.02,12.288,1.000,burst,,,burst,patch_slice2_band141.png
B0355+54_FB_20220918.fits,0,2,0,0.587,55.62,2.349882,2.161533,895,59840.415421805032,59840.415421805032,59840.415421805032,59840.415421805032,59840.415421805032,178,71,200,332,34.62,11.54,8.192,0.014,no_burst,,,no_burst,patch_slice2_band141.png
B0355+54_FB_20220918.fits,0,2,0,0.544,55.60,2.660162,2.161533,1652,59840.415425396233,59840.415425396233,59840.415425396233,59840.415425396233,59840.415425396233,337,46,361,357,34.62,9.60,3.686,1.000,burst,,,burst,patch_slice2_band141.png
B0355+54_FB_20220918.fits,0,2,0,0.502,54.51,2.815924,2.161533,2032,59840.415427199026,59840.415427199026,59840.415427199026,59840.415427199026,59840.415427199026,421,68,438,327,34.62,11.82,12.288,1.000,burst,,,burst,patch_slice2_band141.png
B0355+54_FB_20220918.fits,0,2,0,0.458,53.42,2.506201,2.161533,1276,59840.415423614279,59840.415423614279,59840.415423614279,59840.415423614279,59840.415423614279,260,79,279,308,34.62,8.75,5.734,0.026,no_burst,,,no_burst,patch_slice2_band141.png
B0355+54_FB_20220918.fits,0,2,0,0.425,55.61,2.040127,2.161533,138,59840.415418219905,59840.415418219905,59840.415418219905,59840.415418219905,59840.415418219905,14,28,43,375,34.62,11.23,12.288,0.014,no_burst,,,no_burst,patch_slice2_band141.png
B0355+54_FB_20220918.fits,0,2,0,0.416,56.74,2.970238,2.161533,2409,59840.415428985078,59840.415428985078,59840.415428985078,59840.415428985078,59840.415428985078,507,110,511,301,34.62,15.66,1.229,1.000,burst,,,burst,patch_slice2_band141.png
B0355+54_FB_20220918.fits,0,3,0,0.815,56.70,3.916102,3.317492,2297,59840.415439932578,59840.415439932578,59840.415439932578,59840.415439932578,59840.415439932578,474,80,497,330,16.62,68.52,0.819,1.000,burst,,,burst,patch_slice3_band141.png
B0355+54_FB_20220918.fits,0,3,0,0.775,56.67,3.755200,3.317492,1904,59840.415438070282,59840.415438070282,59840.415438070282,59840.415438070282,59840.415438070282,390,54,415,356,16.62,23.13,5.734,1.000,burst,,,burst,patch_slice3_band141.png
B0355+54_FB_20220918.fits,0,3,0,0.747,56.68,3.287597,3.317492,763,59840.415432658207,59840.415432658207,59840.415432658207,59840.415432658207,59840.415432658207,143,7,179,403,16.62,32.57,3.686,1.000,burst,,,burst,patch_slice3_band141.png
B0355+54_FB_20220918.fits,0,3,0,0.657,55.64,3.441863,3.317492,1139,59840.415434443690,59840.415434443690,59840.415434443690,59840.415434443690,59840.415434443690,232,117,249,286,16.62,8.16,8.192,1.000,burst,,,burst,patch_slice3_band141.png
B0355+54_FB_20220918.fits,0,3,0,0.617,55.60,3.599138,3.317492,1523,59840.415436264011,59840.415436264011,59840.415436264011,59840.415436264011,59840.415436264011,310,31,334,372,16.62,15.33,8.192,1.000,burst,,,burst,patch_slice3_band141.png
B0355+54_FB_20220918.fits,0,3,0,0.590,55.61,3.127618,3.317492,372,59840.415430806606,59840.415430806606,59840.415430806606,59840.415430806606,59840.415430806606,67,73,90,330,16.62,10.76,3.686,1.000,burst,,,burst,patch_slice3_band141.png
B0355+54_FB_20220918.fits,0,4,0,0.826,55.65,4.693378,4.718903,1774,59840.415448928827,59840.415448928827,59840.415448928827,59840.415448928827,59840.415448928827,361,49,389,354,16.24,131.27,1.229,1.000,burst,,,burst,patch_slice4_band141.png
B0355+54_FB_20220918.fits,0,4,0,0.687,55.67,4.223894,4.718903,628,59840.415443494981,59840.415443494981,59840.415443494981,59840.415443494981,59840.415443494981,124,100,141,303,16.24,11.10,2.458,1.000,burst,,,burst,patch_slice4_band141.png
B0355+54_FB_20220918.fits,0,4,0,0.674,54.54,4.070995,4.718903,254,59840.415441725323,59840.415441725323,59840.415441725323,59840.415441725323,59840.415441725323,44,59,63,336,16.24,13.09,8.192,1.000,burst,,,burst,patch_slice4_band141.png
B0355+54_FB_20220918.fits,0,4,0,0.626,54.55,4.378700,4.718903,1006,59840.415445286715,59840.415445286715,59840.415445286715,59840.415445286715,59840.415445286715,199,38,226,357,16.24,13.82,5.734,1.000,burst,,,burst,patch_slice4_band141.png
B0355+54_FB_20220918.fits,0,4,0,0.606,56.70,4.854028,4.718903,2166,59840.415450788205,59840.415450788205,59840.415450788205,59840.415450788205,59840.415450788205,442,34,473,377,16.24,24.36,12.288,1.000,burst,,,burst,patch_slice4_band141.png
B0355+54_FB_20220918.fits,0,4,0,0.549,54.54,4.536575,4.718903,1391,59840.415447113977,59840.415447113977,59840.415447113977,59840.415447113977,59840.415447113977,283,67,304,328,16.24,11.67,8.192,1.000,burst,,,burst,patch_slice4_band141.png
B0355+54_FB_20220918.fits,0,5,0,0.808,55.66,5.634488,5.668338,1651,59840.415459821299,59840.415459821299,59840.415459821299,59840.415459821299,59840.415459821299,333,24,364,379,13.56,68.15,1.229,1.000,burst,,,burst,patch_slice5_band141.png
B0355+54_FB_20220918.fits,0,5,0,0.758,55.70,5.943175,5.668338,2404,59840.415463394071,59840.415463394071,59840.415463394071,59840.415463394071,59840.415463394071,506,132,511,272,13.56,13.28,1.638,1.000,burst,,,burst,patch_slice5_band141.png
B0355+54_FB_20220918.fits,0,5,0,0.748,55.64,5.318883,5.668338,880,59840.415456168470,59840.415456168470,59840.415456168470,59840.415456168470,59840.415456168470,174,49,198,354,13.56,22.78,5.734,1.000,burst,,,burst,patch_slice5_band141.png
B0355+54_FB_20220918.fits,0,5,0,0.642,55.64,5.791928,5.668338,2035,59840.415461643526,59840.415461643526,59840.415461643526,59840.415461643526,59840.415461643526,424,130,436,273,13.56,8.85,8.192,0.996,burst,,,burst,patch_slice5_band141.png
B0355+54_FB_20220918.fits,0,5,0,0.565,55.61,5.475127,5.668338,1262,59840.415457976844,59840.415457976844,59840.415457976844,59840.415457976844,59840.415457976844,255,74,278,329,13.56,13.28,5.734,0.998,burst,,,burst,patch_slice5_band141.png
B0355+54_FB_20220918.fits,0,5,0,0.545,54.49,5.006571,5.668338,118,59840.415452553745,59840.415452553745,59840.415452553745,59840.415452553745,59840.415452553745,13,61,36,333,13.56,18.12,5.734,0.997,burst,,,burst,patch_slice5_band141.png
B0355+54_FB_20220918.fits,0,5,0,0.354,52.31,4.976615,5.668338,44,59840.415452207024,59840.415452207024,59840.415452207024,59840.415452207024,59840.415452207024,3,101,15,278,13.56,13.56,5.734,0.998,burst,,,burst,patch_slice5_band141.png
B0355+54_FB_20220918.fits,0,6,0,0.803,56.69,6.883791,6.296924,2280,59840.415474280831,59840.415474280831,59840.415474280831,59840.415474280831,59840.415474280831,470,44,494,367,7.25,24.63,1.229,1.000,burst,,,burst,patch_slice6_band141.png
B0355+54_FB_20220918.fits,0,6,0,0.794,56.67,6.256381,6.296924,748,59840.415467019135,59840.415467019135,59840.415467019135,59840.415467019135,59840.415467019135,146,39,170,372,7.25,24.42,5.734,0.953,burst,,,burst,patch_slice6_band141.png
B0355+54_FB_20220918.fits,0,6,0,0.785,54.53,6.099866,6.296924,366,59840.415465207618,59840.415465207618,59840.415465207618,59840.415465207618,59840.415465207618,64,30,90,365,7.25,15.33,3.686,1.000,burst,,,burst,patch_slice6_band141.png
B0355+54_FB_20220918.fits,0,6,0,0.725,55.65,6.567956,6.296924,1509,59840.415470625332,59840.415470625332,59840.415470625332,59840.415470625332,59840.415470625332,306,35,331,368,7.25,24.70,1.638,1.000,burst,,,burst,patch_slice6_band141.png
B0355+54_FB_20220918.fits,0,6,0,0.637,55.58,6.412218,6.296924,1128,59840.415468822801,59840.415468822801,59840.415468822801,59840.415468822801,59840.415468822801,229,88,248,314,7.25,13.76,3.686,1.000,burst,,,burst,patch_slice6_band141.png
B0355+54_FB_20220918.fits,0,6,0,0.509,55.63,6.728365,6.296924,1900,59840.415472481916,59840.415472481916,59840.415472481916,59840.415472481916,59840.415472481916,391,58,412,345,7.25,10.36,8.192,0.998,burst,,,burst,patch_slice6_band141.png
B0355+54_FB_20220918.fits,0,7,0,0.789,55.64,7.350451,7.075486,998,59840.415479681978,59840.415479681978,59840.415479681978,59840.415479681978,59840.415479681978,197,21,225,382,10.34,26.69,5.734,1.000,burst,,,burst,patch_slice7_band141.png
B0355+54_FB_20220918.fits,0,7,0,0.689,55.59,7.826027,7.075486,2159,59840.415485186335,59840.415485186335,59840.415485186335,59840.415485186335,59840.415485186335,442,48,471,354,10.34,12.33,8.192,1.000,burst,,,burst,patch_slice7_band141.png
B0355+54_FB_20220918.fits,0,7,0,0.675,55.61,7.194507,7.075486,617,59840.415477877075,59840.415477877075,59840.415477877075,59840.415477877075,59840.415477877075,117,55,143,348,10.34,14.13,5.734,1.000,burst,,,burst,patch_slice7_band141.png
B0355+54_FB_20220918.fits,0,7,0,0.643,55.66,7.666756,7.075486,1770,59840.415483342920,59840.415483342920,59840.415483342920,59840.415483342920,59840.415483342920,360,34,388,369,10.34,17.43,8.192,1.000,burst,,,burst,patch_slice7_band141.png
B0355+54_FB_20220918.fits,0,7,0,0.606,56.70,7.044316,7.075486,251,59840.415476138754,59840.415476138754,59840.415476138754,59840.415476138754,59840.415476138754,34,0,71,411,10.34,18.45,12.288,1.000,burst,,,burst,patch_slice7_band141.png
B0355+54_FB_20220918.fits,0,7,0,0.457,54.53,7.510522,7.075486,1389,59840.415481534656,59840.415481534656,59840.415481534656,59840.415481534656,59840.415481534656,281,38,305,357,10.34,9.22,3.686,1.000,burst,,,burst,patch_slice7_band141.png
B0355+54_FB_20220918.fits,0,8,0,0.792,56.69,8.604627,8.475258,1639,59840.415494197907,59840.415494197907,59840.415494197907,59840.415494197907,59840.415494197907,332,36,360,375,10.42,29.68,12.288,1.000,burst,,,burst,patch_slice8_band141.png
B0355+54_FB_20220918.fits,0,8,0,0.792,56.65,8.446342,8.475258,1252,59840.415492365901,59840.415492365901,59840.415492365901,59840.415492365901,59840.415492365901,251,39,278,371,10.42,30.83,12.288,1.000,burst,,,burst,patch_slice8_band141.png
B0355+54_FB_20220918.fits,0,8,0,0.773,55.73,8.133542,8.475258,489,59840.415488745544,59840.415488745544,59840.415488745544,59840.415488745544,59840.415488745544,93,74,113,330,10.42,16.61,2.458,0.893,burst,,,burst,patch_slice8_band141.png
B0355+54_FB_20220918.fits,0,8,0,0.749,54.56,7.976298,8.475258,105,59840.415486925587,59840.415486925587,59840.415486925587,59840.415486925587,59840.415486925587,15,118,28,277,10.42,6.48,2.458,0.021,no_burst,,,no_burst,patch_slice8_band141.png
B0355+54_FB_20220918.fits,0,8,0,0.736,56.69,8.764093,8.475258,2028,59840.415496043584,59840.415496043584,59840.415496043584,59840.415496043584,59840.415496043584,421,110,436,301,10.42,21.49,0.819,0.999,burst,,,burst,patch_slice8_band141.png
B0355+54_FB_20220918.fits,0,8,0,0.626,54.53,8.291100,8.475258,873,59840.415490569125,59840.415490569125,59840.415490569125,59840.415490569125,59840.415490569125,172,40,197,355,10.42,15.11,3.686,1.000,burst,,,burst,patch_slice8_band141.png
B0355+54_FB_20220918.fits,0,8,0,0.588,55.65,8.919028,8.475258,2406,59840.415497836810,59840.415497836810,59840.415497836810,59840.415497836810,59840.415497836810,506,91,511,312,10.42,29.61,8.192,1.000,burst,,,burst,patch_slice8_band141.png
B0355+54_FB_20220918.fits,0,9,0,0.705,55.64,9.069477,8.950180,353,59840.415499578121,59840.415499578121,59840.415499578121,59840.415499578121,59840.415499578121,59,24,89,379,9.50,17.59,5.734,1.000,burst,,,burst,patch_slice9_band141.png
B0355+54_FB_20220918.fits,0,9,0,0.646,54.52,9.228811,8.950180,742,59840.415501422263,59840.415501422263,59840.415501422263,59840.415501422263,59840.415501422263,143,39,170,356,9.50,15.91,3.686,1.000,burst,,,burst,patch_slice9_band141.png
B0355+54_FB_20220918.fits,0,9,0,0.600,55.60,9.384951,8.950180,1123,59840.415503229437,59840.415503229437,59840.415503229437,59840.415503229437,59840.415503229437,224,43,251,360,9.50,13.96,3.686,1.000,burst,,,burst,patch_slice9_band141.png
B0355+54_FB_20220918.fits,0,9,0,0.567,55.60,9.857216,8.950180,2276,59840.415508695463,59840.415508695463,59840.415508695463,59840.415508695463,59840.415508695463,465,24,497,379,9.50,13.41,12.288,1.000,burst,,,burst,patch_slice9_band141.png
B0355+54_FB_20220918.fits,0,9,0,0.426,54.51,9.541404,8.950180,1505,59840.415505040241,59840.415505040241,59840.415505040241,59840.415505040241,59840.415505040241,302,12,333,383,9.50,13.43,12.288,1.000,burst,,,burst,patch_slice9_band141.png
B0355+54_FB_20220918.fits,0,9,0,0.388,55.63,9.697274,8.950180,1885,59840.415506844285,59840.415506844285,59840.415506844285,59840.415506844285,59840.415506844285,382,22,415,381,9.50,11.70,12.288,0.989,burst,,,burst,patch_slice9_band141.png
B0355+54_FB_20220918.fits,0,9,0,0.340,52.34,8.930765,8.950180,14,59840.415497972652,59840.415497972652,59840.415497972652,59840.415497972652,59840.415497972652,0,126,5,253,9.50,25.37,8.192,1.000,burst,,,burst,patch_slice9_band141.png
B0355+54_FB_20220918.fits,0,10,0,0.781,55.69,10.483527,10.515499,1384,59840.415515944434,59840.415515944434,59840.415515944434,59840.415515944434,59840.415515944434,277,18,308,385,10.92,38.79,2.458,1.000,burst,,,burst,patch_slice10_band141.png
B0355+54_FB_20220918.fits,0,10,0,0.758,55.65,10.793225,10.515499,2140,59840.415519528913,59840.415519528913,59840.415519528913,59840.415519528913,59840.415519528913,443,74,462,330,10.92,19.37,8.192,1.000,burst,,,burst,patch_slice10_band141.png
B0355+54_FB_20220918.fits,0,10,0,0.666,56.67,10.323800,10.515499,994,59840.415514095745,59840.415514095745,59840.415514095745,59840.415514095745,59840.415514095745,196,39,223,371,10.92,19.27,12.288,1.000,burst,,,burst,patch_slice10_band141.png
B0355+54_FB_20220918.fits,0,10,0,0.628,54.52,10.634480,10.515499,1753,59840.415517691581,59840.415517691581,59840.415517691581,59840.415517691581,59840.415517691581,357,48,383,347,10.92,16.64,5.734,1.000,burst,,,burst,patch_slice10_band141.png
B0355+54_FB_20220918.fits,0,10,0,0.606,55.63,10.013206,10.515499,236,59840.415510500905,59840.415510500905,59840.415510500905,59840.415510500905,59840.415510500905,34,11,65,392,10.92,14.73,8.192,0.773,burst,,,burst,patch_slice10_band141.png
B0355+54_FB_20220918.fits,0,10,0,0.529,55.59,10.166405,10.515499,610,59840.415512274041,59840.415512274041,59840.415512274041,59840.415512274041,59840.415512274041,117,53,140,350,10.92,13.45,5.734,1.000,burst,,,burst,patch_slice10_band141.png
B0355+54_FB_20220918.fits,0,11,0,0.855,55.67,11.415439,11.448134,1239,59840.415526730460,59840.415526730460,59840.415526730460,59840.415526730460,59840.415526730460,246,22,278,381,15.37,108.71,2.458,1.000,burst,,,burst,patch_slice11_band141.png
B0355+54_FB_20220918.fits,0,11,0,0.839,56.68,11.576255,11.448134,1632,59840.415528591759,59840.415528591759,59840.415528591759,59840.415528591759,59840.415528591759,332,60,358,350,15.37,34.61,5.734,1.000,burst,,,burst,patch_slice11_band141.png
B0355+54_FB_20220918.fits,0,11,0,0.824,55.65,11.886483,11.448134,2389,59840.415532182356,59840.415532182356,59840.415532182356,59840.415532182356,59840.415532182356,500,115,510,288,15.37,25.70,2.458,1.000,burst,,,burst,patch_slice11_band141.png
B0355+54_FB_20220918.fits,0,11,0,0.808,55.72,10.947396,11.448134,97,59840.415521313298,59840.415521313298,59840.415521313298,59840.415521313298,59840.415521313298,10,79,30,325,15.37,24.55,1.638,1.000,burst,,,burst,patch_slice11_band141.png
B0355+54_FB_20220918.fits,0,11,0,0.736,55.62,11.104692,11.448134,481,59840.415523133845,59840.415523133845,59840.415523133845,59840.415523133845,59840.415523133845,91,65,112,338,15.37,18.40,5.734,1.000,burst,,,burst,patch_slice11_band141.png
B0355+54_FB_20220918.fits,0,11,0,0.672,54.49,11.732248,11.448134,2013,59840.415530397229,59840.415530397229,59840.415530397229,59840.415530397229,59840.415530397229,412,50,439,345,15.37,18.42,12.288,1.000,burst,,,burst,patch_slice11_band141.png
B0355+54_FB_20220918.fits,0,11,0,0.446,54.52,11.261522,11.448134,863,59840.415524949007,59840.415524949007,59840.415524949007,59840.415524949007,59840.415524949007,171,67,194,328,15.37,9.11,5.734,1.000,burst,,,burst,patch_slice11_band141.png
B0355+54_FB_20220918.fits,0,12,0,0.803,55.63,12.667523,12.065246,1876,59840.415541222166,59840.415541222166,59840.415541222166,59840.415541222166,59840.415541222166,384,63,409,340,10.69,16.65,2.458,1.000,burst,,,burst,patch_slice12_band141.png
B0355+54_FB_20220918.fits,0,12,0,0.802,55.61,12.823391,12.065246,2257,59840.415543026196,59840.415543026196,59840.415543026196,59840.415543026196,59840.415543026196,466,85,488,318,10.69,17.76,3.686,1.000,burst,,,burst,patch_slice12_band141.png
B0355+54_FB_20220918.fits,0,12,0,0.801,55.63,12.039685,12.065246,343,59840.415533955529,59840.415533955529,59840.415533955529,59840.415533955529,59840.415533955529,54,5,90,398,10.69,37.57,5.734,1.000,burst,,,burst,patch_slice12_band141.png
B0355+54_FB_20220918.fits,0,12,0,0.796,55.63,12.513518,12.065246,1500,59840.415539439702,59840.415539439702,59840.415539439702,59840.415539439702,59840.415539439702,302,31,332,372,10.69,15.22,8.192,1.000,burst,,,burst,patch_slice12_band141.png
B0355+54_FB_20220918.fits,0,12,0,0.766,55.60,12.203308,12.065246,743,59840.415535849315,59840.415535849315,59840.415535849315,59840.415535849315,59840.415535849315,144,41,170,362,10.69,19.97,5.734,1.000,burst,,,burst,patch_slice12_band141.png
B0355+54_FB_20220918.fits,0,12,0,0.741,56.74,12.357345,12.065246,1119,59840.415537632143,59840.415537632143,59840.415537632143,59840.415537632143,59840.415537632143,224,42,249,369,10.69,22.16,2.458,1.000,burst,,,burst,patch_slice12_band141.png
B0355+54_FB_20220918.fits,0,13,0,0.894,56.78,13.761945,13.412158,2128,59840.415553889085,59840.415553889085,59840.415553889085,59840.415553889085,59840.415553889085,441,91,458,320,17.30,44.87,1.229,0.991,burst,,,burst,patch_slice13_band141.png
B0355+54_FB_20220918.fits,0,13,0,0.834,56.67,13.141812,13.412158,614,59840.415546711622,59840.415546711622,59840.415546711622,59840.415546711622,59840.415546711622,119,81,140,329,17.30,19.86,1.638,1.000,burst,,,burst,patch_slice13_band141.png
B0355+54_FB_20220918.fits,0,13,0,0.831,55.66,13.297257,13.412158,994,59840.415548510762,59840.415548510762,59840.415548510762,59840.415548510762,59840.415548510762,196,35,224,368,17.30,10.75,2.458,1.000,burst,,,burst,patch_slice13_band141.png
B0355+54_FB_20220918.fits,0,13,0,0.811,56.72,13.606022,13.412158,1747,59840.415552084429,59840.415552084429,59840.415552084429,59840.415552084429,59840.415552084429,355,37,384,373,17.30,25.06,12.288,0.997,burst,,,burst,patch_slice13_band141.png
B0355+54_FB_20220918.fits,0,13,0,0.790,55.65,12.981107,13.412158,222,59840.415544851610,59840.415544851610,59840.415544851610,59840.415544851610,59840.415544851610,34,50,59,353,17.30,21.55,12.288,1.000,burst,,,burst,patch_slice13_band141.png
B0355+54_FB_20220918.fits,0,13,0,0.765,55.67,13.454226,13.412158,1377,59840.415550327532,59840.415550327532,59840.415550327532,59840.415550327532,59840.415550327532,276,17,306,386,17.30,15.10,5.734,1.000,burst,,,burst,patch_slice13_band141.png
B0355+54_FB_20220918.fits,0,14,0,0.836,55.58,14.073496,14.752514,469,59840.415557495005,59840.415557495005,59840.415557495005,59840.415557495005,59840.415557495005,83,18,115,385,14.56,36.19,5.734,0.689,burst,,,burst,patch_slice14_band141.png
B0355+54_FB_20220918.fits,0,14,0,0.810,55.62,14.387598,14.752514,1235,59840.415561130445,59840.415561130445,59840.415561130445,59840.415561130445,59840.415561130445,252,96,270,307,14.56,16.11,1.638,1.000,burst,,,burst,patch_slice14_band141.png
B0355+54_FB_20220918.fits,0,14,0,0.775,55.68,13.920953,14.752514,96,59840.415555729465,59840.415555729465,59840.415555729465,59840.415555729465,59840.415555729465,11,103,29,301,14.56,11.64,5.734,0.026,no_burst,,,no_burst,patch_slice14_band141.png
B0355+54_FB_20220918.fits,0,14,0,0.747,55.65,14.700755,14.752514,2000,59840.415564754949,59840.415564754949,59840.415564754949,59840.415564754949,59840.415564754949,412,62,433,341,14.56,14.78,8.192,1.000,burst,,,burst,patch_slice14_band141.png
B0355+54_FB_20220918.fits,0,14,0,0.738,54.59,14.857969,14.752514,2384,59840.415566574557,59840.415566574557,59840.415566574557,59840.415566574557,59840.415566574557,498,100,510,296,14.56,22.91,3.686,1.000,burst,,,burst,patch_slice14_band141.png
B0355+54_FB_20220918.fits,0,14,0,0.613,55.61,14.545480,14.752514,1621,59840.415562957787,59840.415562957787,59840.415562957787,59840.415562957787,59840.415562957787,329,38,356,365,14.56,14.90,5.734,1.000,burst,,,burst,patch_slice14_band141.png
B0355+54_FB_20220918.fits,0,14,0,0.480,55.62,14.231770,14.752514,855,59840.415559326881,59840.415559326881,59840.415559326881,59840.415559326881,59840.415559326881,172,83,189,320,14.56,8.40,3.686,0.988,burst,,,burst,patch_slice14_band141.png
B0355+54_FB_20220918.fits,0,15,0,0.825,55.60,15.638031,15.200801,1868,59840.415575603052,59840.415575603052,59840.415575603052,59840.415575603052,59840.415575603052,380,29,409,374,5.93,31.96,2.458,1.000,burst,,,burst,patch_slice15_band141.png
B0355+54_FB_20220918.fits,0,15,0,0.823,55.64,15.325387,15.200801,1105,59840.415571984486,59840.415571984486,59840.415571984486,59840.415571984486,59840.415571984486,222,50,245,353,5.93,19.53,2.458,1.000,burst,,,burst,patch_slice15_band141.png
B0355+54_FB_20220918.fits,0,15,0,0.805,54.55,15.014750,15.200801,347,59840.415568389144,59840.415568389144,59840.415568389144,59840.415568389144,59840.415568389144,59,14,87,381,5.93,20.39,3.686,1.000,burst,,,burst,patch_slice15_band141.png
B0355+54_FB_20220918.fits,0,15,0,0.787,55.66,15.170885,15.200801,728,59840.415570196259,59840.415570196259,59840.415570196259,59840.415570196259,59840.415570196259,140,31,167,372,5.93,23.87,1.638,1.000,burst,,,burst,patch_slice15_band141.png
B0355+54_FB_20220918.fits,0,15,0,0.747,54.49,15.795976,15.200801,2254,59840.415577431115,59840.415577431115,59840.415577431115,59840.415577431115,59840.415577431115,464,62,489,333,5.93,14.87,3.686,1.000,burst,,,burst,patch_slice15_band141.png
B0355+54_FB_20220918.fits,0,15,0,0.727,55.60,15.486254,15.200801,1498,59840.415573846367,59840.415573846367,59840.415573846367,59840.415573846367,59840.415573846367,304,50,329,353,5.93,19.74,8.192,1.000,burst,,,burst,patch_slice15_band141.png
B0355+54_FB_20220918.fits,0,16,0,0.844,56.67,16.425301,16.702606,1370,59840.415584714974,59840.415584714974,59840.415584714974,59840.415584714974,59840.415584714974,279,96,300,315,244.39,30.20,2.458,1.000,burst,,,burst,patch_slice16_band141.png
B0355+54_FB_20220918.fits,0,16,0,0.830,56.73,16.268181,16.702606,987,59840.415582896450,59840.415582896450,59840.415582896450,59840.415582896450,59840.415582896450,193,29,224,382,244.39,35.91,8.192,1.000,burst,,,burst,patch_slice16_band141.png
B0355+54_FB_20220918.fits,0,16,0,0.830,55.69,16.107870,16.702606,595,59840.415581041001,59840.415581041001,59840.415581041001,59840.415581041001,59840.415581041001,115,85,136,319,244.39,24.00,1.229,1.000,burst,,,burst,patch_slice16_band141.png
B0355+54_FB_20220918.fits,0,16,0,0.819,56.75,16.735031,16.702606,2127,59840.415588299802,59840.415588299802,59840.415588299802,59840.415588299802,59840.415588299802,442,131,457,281,244.39,11.33,12.288,1.000,burst,,,burst,patch_slice16_band141.png
B0355+54_FB_20220918.fits,0,16,0,0.771,55.62,16.577748,16.702606,1743,59840.415586479401,59840.415586479401,59840.415586479401,59840.415586479401,59840.415586479401,362,128,375,275,244.39,14.36,12.288,1.000,burst,,,burst,patch_slice16_band141.png
B0355+54_FB_20220918.fits,0,16,0,0.693,56.72,15.950629,16.702606,211,59840.415579221080,59840.415579221080,59840.415579221080,59840.415579221080,59840.415579221080,29,23,60,388,244.39,22.71,12.288,1.000,burst,,,burst,patch_slice16_band141.png
B0355+54_FB_20220918.fits,0,17,0,0.859,56.66,17.051226,17.075496,478,59840.415591959470,59840.415591959470,59840.415591959470,59840.415591959470,59840.415591959470,87,39,115,371,8.10,46.67,2.458,1.000,burst,,,burst,patch_slice17_band141.png
B0355+54_FB_20220918.fits,0,17,0,0.838,56.66,17.361492,17.075496,1236,59840.415595550519,59840.415595550519,59840.415595550519,59840.415595550519,59840.415595550519,247,39,276,371,8.10,39.79,3.686,1.000,burst,,,burst,patch_slice17_band141.png
B0355+54_FB_20220918.fits,0,17,0,0.751,56.71,17.519139,17.075496,1621,59840.415597375133,59840.415597375133,59840.415597375133,59840.415597375133,59840.415597375133,328,44,357,367,8.10,37.03,0.819,1.000,burst,,,burst,patch_slice17_band141.png
B0355+54_FB_20220918.fits,0,17,0,0.744,55.59,17.828180,17.075496,2375,59840.415600952001,59840.415600952001,59840.415600952001,59840.415600952001,59840.415600952001,494,93,511,310,8.10,25.28,12.288,1.000,burst,,,burst,patch_slice17_band141.png
B0355+54_FB_20220918.fits,0,17,0,0.742,55.60,17.201618,17.075496,846,59840.415593700120,59840.415593700120,59840.415593700120,59840.415593700120,59840.415593700120,167,61,190,342,8.10,15.92,2.458,1.000,burst,,,burst,patch_slice17_band141.png
B0355+54_FB_20220918.fits,0,17,0,0.572,54.49,16.890769,17.075496,87,59840.415590102333,59840.415590102333,59840.415590102333,59840.415590102333,59840.415590102333,8,66,28,328,8.10,10.31,8.192,0.007,no_burst,,,no_burst,patch_slice17_band141.png
B0355+54_FB_20220918.fits,0,17,0,0.534,54.51,17.679210,17.075496,2012,59840.415599227803,59840.415599227803,59840.415599227803,59840.415599227803,59840.415599227803,415,34,435,361,8.10,26.46,8.192,0.993,burst,,,burst,patch_slice17_band141.png
B0355+54_FB_20220918.fits,0,18,0,0.865,56.67,18.769458,18.511737,2253,59840.415611846416,59840.415611846416,59840.415611846416,59840.415611846416,59840.415611846416,466,95,486,315,16.21,62.88,0.819,1.000,burst,,,burst,patch_slice18_band141.png
B0355+54_FB_20220918.fits,0,18,0,0.837,56.67,18.613737,18.511737,1873,59840.415610044096,59840.415610044096,59840.415610044096,59840.415610044096,59840.415610044096,384,71,408,340,16.21,43.44,3.686,1.000,burst,,,burst,patch_slice18_band141.png
B0355+54_FB_20220918.fits,0,18,0,0.828,56.67,18.456906,18.511737,1490,59840.415608228919,59840.415608228919,59840.415608228919,59840.415608228919,59840.415608228919,297,29,332,382,16.21,90.93,2.458,1.000,burst,,,burst,patch_slice18_band141.png
B0355+54_FB_20220918.fits,0,18,0,0.815,56.67,18.301857,18.511737,1112,59840.415606434362,59840.415606434362,59840.415606434362,59840.415606434362,59840.415606434362,227,116,243,294,16.21,24.79,1.638,1.000,burst,,,burst,patch_slice18_band141.png
B0355+54_FB_20220918.fits,0,18,0,0.808,56.68,18.145295,18.511737,730,59840.415604622307,59840.415604622307,59840.415604622307,59840.415604622307,59840.415604622307,139,42,169,369,16.21,33.55,5.734,1.000,burst,,,burst,patch_slice18_band141.png
B0355+54_FB_20220918.fits,0,18,0,0.773,55.69,17.987357,18.511737,344,59840.415602794325,59840.415602794325,59840.415602794325,59840.415602794325,59840.415602794325,59,43,85,360,16.21,20.63,12.288,1.000,burst,,,burst,patch_slice18_band141.png
B0355+54_FB_20220918.fits,0,19,0,0.882,56.68,19.236928,19.269401,975,59840.415617256949,59840.415617256949,59840.415617256949,59840.415617256949,59840.415617256949,191,30,221,381,16.97,164.17,0.819,1.000,burst,,,burst,patch_slice19_band141.png
B0355+54_FB_20220918.fits,0,19,0,0.794,56.73,18.924865,19.269401,213,59840.415613645113,59840.415613645113,59840.415613645113,59840.415613645113,59840.415613645113,33,71,56,340,16.97,13.71,5.734,1.000,burst,,,burst,patch_slice19_band141.png
B0355+54_FB_20220918.fits,0,19,0,0.759,55.66,19.392131,19.269401,1354,59840.415619053289,59840.415619053289,59840.415619053289,59840.415619053289,59840.415619053289,275,69,297,334,16.97,21.99,8.192,1.000,burst,,,burst,patch_slice19_band141.png
B0355+54_FB_20220918.fits,0,19,0,0.631,54.52,19.080119,19.269401,592,59840.415615442034,59840.415615442034,59840.415615442034,59840.415615442034,59840.415615442034,114,81,136,314,16.97,13.98,3.686,1.000,burst,,,burst,patch_slice19_band141.png
B0355+54_FB_20220918.fits,0,19,0,0.624,55.60,19.552632,19.269401,1745,59840.415620910935,59840.415620910935,59840.415620910935,59840.415620910935,59840.415620910935,357,72,380,331,16.97,14.07,5.734,1.000,burst,,,burst,patch_slice19_band141.png
B0355+54_FB_20220918.fits,0,19,0,0.543,56.68,19.709031,19.269401,2127,59840.415622721106,59840.415622721106,59840.415622721106,59840.415622721106,59840.415622721106,436,34,463,377,16.97,14.46,8.192,0.930,burst,,,burst,patch_slice19_band141.png
B0355+54_FB_20220918.fits,0,20,0,0.863,56.70,19.862977,19.896348,83,59840.415624502886,59840.415624502886,59840.415624502886,59840.415624502886,59840.415624502886,5,45,29,365,10.13,40.76,3.686,1.000,burst,,,burst,patch_slice20_band141.png
B0355+54_FB_20220918.fits,0,20,0,0.813,56.69,20.647941,19.896348,2000,59840.415633588113,59840.415633588113,59840.415633588113,59840.415633588113,59840.415633588113,408,20,438,390,10.13,37.89,5.734,1.000,burst,,,burst,patch_slice20_band141.png
B0355+54_FB_20220918.fits,0,20,0,0.805,56.67,20.333389,19.896348,1232,59840.415629947463,59840.415629947463,59840.415629947463,59840.415629947463,59840.415629947463,247,54,274,356,10.13,31.94,2.458,1.000,burst,,,burst,patch_slice20_band141.png
B0355+54_FB_20220918.fits,0,20,0,0.802,56.69,20.490260,19.896348,1615,59840.415631763106,59840.415631763106,59840.415631763106,59840.415631763106,59840.415631763106,330,66,352,345,10.13,37.26,1.638,1.000,burst,,,burst,patch_slice20_band141.png
B0355+54_FB_20220918.fits,0,20,0,0.776,56.67,20.172887,19.896348,840,59840.415628089810,59840.415628089810,59840.415628089810,59840.415628089810,59840.415628089810,166,67,188,343,10.13,23.20,8.192,1.000,burst,,,burst,patch_slice20_band141.png
B0355+54_FB_20220918.fits,0,20,0,0.747,56.69,20.017612,19.896348,461,59840.415626292648,59840.415626292648,59840.415626292648,59840.415626292648,59840.415626292648,82,45,112,366,10.13,25.96,8.192,1.000,burst,,,burst,patch_slice20_band141.png
B0355+54_FB_20220918.fits,0,21,0,0.842,55.64,21.117505,21.364142,726,59840.415639022882,59840.415639022882,59840.415639022882,59840.415639022882,59840.415639022882,138,22,168,381,7.74,36.58,5.734,1.000,burst,,,burst,patch_slice21_band141.png
B0355+54_FB_20220918.fits,0,21,0,0.837,55.71,21.737981,21.364142,2241,59840.415646204325,59840.415646204325,59840.415646204325,59840.415646204325,59840.415646204325,463,71,484,332,7.74,36.31,1.229,1.000,burst,,,burst,patch_slice21_band141.png
B0355+54_FB_20220918.fits,0,21,0,0.815,55.61,21.266569,21.364142,1090,59840.415640748171,59840.415640748171,59840.415640748171,59840.415640748171,59840.415640748171,217,33,243,370,7.74,12.60,5.734,1.000,burst,,,burst,patch_slice21_band141.png
B0355+54_FB_20220918.fits,0,21,0,0.792,56.66,21.580674,21.364142,1857,59840.415644383633,59840.415644383633,59840.415644383633,59840.415644383633,59840.415644383633,382,74,402,336,7.74,19.61,2.458,1.000,burst,,,burst,patch_slice21_band141.png
B0355+54_FB_20220918.fits,0,21,0,0.716,55.62,20.957819,21.364142,336,59840.415637174672,59840.415637174672,59840.415637174672,59840.415637174672,59840.415637174672,62,82,79,321,7.74,11.52,12.288,0.179,no_burst,,,no_burst,patch_slice21_band141.png
B0355+54_FB_20220918.fits,0,21,0,0.620,55.63,21.421865,21.364142,1469,59840.415642545566,59840.415642545566,59840.415642545566,59840.415642545566,59840.415642545566,299,49,322,354,7.74,11.80,12.288,1.000,burst,,,burst,patch_slice21_band141.png
B0355+54_FB_20220918.fits,0,22,0,0.798,55.63,22.681367,22.084926,2124,59840.415657123143,59840.415657123143,59840.415657123143,59840.415657123143,59840.415657123143,434,23,464,380,15.09,29.65,3.686,1.000,burst,,,burst,patch_slice22_band141.png
B0355+54_FB_20220918.fits,0,22,0,0.796,55.69,21.892596,22.084926,198,59840.415647993847,59840.415647993847,59840.415647993847,59840.415647993847,59840.415647993847,30,35,54,368,15.09,17.53,3.686,1.000,burst,,,burst,patch_slice22_band141.png
B0355+54_FB_20220918.fits,0,22,0,0.757,56.68,22.053341,22.084926,591,59840.415649854323,59840.415649854323,59840.415649854323,59840.415649854323,59840.415649854323,110,26,139,385,15.09,30.15,12.288,1.000,burst,,,burst,patch_slice22_band141.png
B0355+54_FB_20220918.fits,0,22,0,0.725,55.67,22.209275,22.084926,971,59840.415651659117,59840.415651659117,59840.415651659117,59840.415651659117,59840.415651659117,187,11,223,393,15.09,22.27,12.288,1.000,burst,,,burst,patch_slice22_band141.png
B0355+54_FB_20220918.fits,0,22,0,0.636,55.60,22.365002,22.084926,1352,59840.415653461510,59840.415653461510,59840.415653461510,59840.415653461510,59840.415653461510,276,80,295,323,15.09,14.15,12.288,1.000,burst,,,burst,patch_slice22_band141.png
B0355+54_FB_20220918.fits,0,22,0,0.581,56.73,22.520972,22.084926,1732,59840.415655266712,59840.415655266712,59840.415655266712,59840.415655266712,59840.415655266712,352,14,381,397,15.09,20.40,12.288,1.000,burst,,,burst,patch_slice22_band141.png
B0355+54_FB_20220918.fits,0,23,0,0.753,54.58,23.146785,23.655572,840,59840.415662509920,59840.415662509920,59840.415662509920,59840.415662509920,59840.415662509920,160,11,194,385,9.13,21.57,8.192,0.157,no_burst,,,no_burst,patch_slice23_band141.png
B0355+54_FB_20220918.fits,0,23,0,0.710,54.56,22.831313,23.655572,70,59840.415658858627,59840.415658858627,59840.415658858627,59840.415658858627,59840.415658858627,4,71,25,324,9.13,10.21,2.458,0.053,no_burst,,,no_burst,patch_slice23_band141.png
B0355+54_FB_20220918.fits,0,23,0,0.665,55.64,23.457485,23.655572,1599,59840.415666105990,59840.415666105990,59840.415666105990,59840.415666105990,59840.415666105990,328,60,348,344,9.13,13.02,3.686,0.997,burst,,,burst,patch_slice23_band141.png
B0355+54_FB_20220918.fits,0,23,0,0.584,55.64,22.989927,23.655572,457,59840.415660694438,59840.415660694438,59840.415660694438,59840.415660694438,59840.415660694438,84,65,109,338,9.13,10.61,8.192,0.002,no_burst,,,no_burst,patch_slice23_band141.png
B0355+54_FB_20220918.fits,0,23,0,0.494,55.62,23.771804,23.655572,2366,59840.415669743947,59840.415669743947,59840.415669743947,59840.415669743947,59840.415669743947,493,142,507,261,9.13,6.07,2.458,0.602,burst,,,burst,patch_slice23_band141.png
B0355+54_FB_20220918.fits,0,23,0,0.446,56.73,23.300432,23.655572,1215,59840.415664288252,59840.415664288252,59840.415664288252,59840.415664288252,59840.415664288252,252,151,262,260,9.13,6.32,0.819,0.919,burst,,,burst,patch_slice23_band141.png
B0355+54_FB_20220918.fits,0,23,0,0.370,53.41,23.617933,23.655572,1990,59840.415667963025,59840.415667963025,59840.415667963025,59840.415667963025,59840.415667963025,408,38,433,349,9.13,12.86,12.288,0.997,burst,,,burst,patch_slice23_band141.png
B0355+54_FB_20220918.fits,0,24,0,0.839,56.64,24.400508,24.588207,1481,59840.415677020610,59840.415677020610,59840.415677020610,59840.415677020610,59840.415677020610,298,34,328,376,9.97,34.09,1.638,1.000,burst,,,burst,patch_slice24_band141.png
B0355+54_FB_20220918.fits,0,24,0,0.806,56.70,24.553842,24.588207,1855,59840.415678795311,59840.415678795311,59840.415678795311,59840.415678795311,59840.415678795311,384,100,400,311,9.97,21.18,12.288,1.000,burst,,,burst,patch_slice24_band141.png
B0355+54_FB_20220918.fits,0,24,0,0.707,56.74,23.926379,24.588207,324,59840.415671533010,59840.415671533010,59840.415671533010,59840.415671533010,59840.415671533010,58,90,78,322,9.97,11.79,2.458,1.000,burst,,,burst,patch_slice24_band141.png
B0355+54_FB_20220918.fits,0,24,0,0.685,54.51,24.710025,24.588207,2237,59840.415680602986,59840.415680602986,59840.415680602986,59840.415680602986,59840.415680602986,462,94,484,301,9.97,11.13,12.288,0.680,burst,,,burst,patch_slice24_band141.png
B0355+54_FB_20220918.fits,0,24,0,0.542,54.51,24.240121,24.588207,1089,59840.415675164273,59840.415675164273,59840.415675164273,59840.415675164273,59840.415675164273,220,63,240,332,9.97,8.22,0.410,0.966,burst,,,burst,patch_slice24_band141.png
B0355+54_FB_20220918.fits,0,24,0,0.404,54.53,24.084469,24.588207,709,59840.415673362746,59840.415673362746,59840.415673362746,59840.415673362746,59840.415673362746,143,111,156,284,9.97,7.19,5.734,0.001,no_burst,,,no_burst,patch_slice24_band141.png
B0355+54_FB_20220918.fits,0,25,0,0.761,54.57,24.868110,25.366359,203,59840.415682432671,59840.415682432671,59840.415682432671,59840.415682432671,59840.415682432671,26,1,59,394,8.51,18.85,5.734,1.000,burst,,,burst,patch_slice25_band141.png
B0355+54_FB_20220918.fits,0,25,0,0.684,56.69,25.337431,25.366359,1348,59840.415687864624,59840.415687864624,59840.415687864624,59840.415687864624,59840.415687864624,269,14,301,397,8.51,30.37,5.734,1.000,burst,,,burst,patch_slice25_band141.png
B0355+54_FB_20220918.fits,0,25,0,0.651,55.61,25.488405,25.366359,1717,59840.415689612011,59840.415689612011,59840.415689612011,59840.415689612011,59840.415689612011,350,74,376,329,8.51,12.44,2.458,1.000,burst,,,burst,patch_slice25_band141.png
B0355+54_FB_20220918.fits,0,25,0,0.604,55.64,25.649492,25.366359,2110,59840.415691476439,59840.415691476439,59840.415691476439,59840.415691476439,59840.415691476439,436,99,457,304,8.51,10.18,2.458,1.000,burst,,,burst,patch_slice25_band141.png
B0355+54_FB_20220918.fits,0,25,0,0.537,53.42,25.021557,25.366359,577,59840.415684208674,59840.415684208674,59840.415684208674,59840.415684208674,59840.415684208674,110,41,134,346,8.51,10.37,12.288,1.000,burst,,,burst,patch_slice25_band141.png
B0355+54_FB_20220918.fits,0,25,0,0.533,56.69,25.176892,25.366359,957,59840.415686006527,59840.415686006527,59840.415686006527,59840.415686006527,59840.415686006527,186,22,217,389,8.51,13.41,5.734,1.000,burst,,,burst,patch_slice25_band141.png
B0355+54_FB_20220918.fits,1,0,0,0.705,55.57,25.959374,25.999115,877,59840.415695063035,59840.415695063035,59840.415695063035,59840.415695063035,59840.415695063035,172,27,198,376,6.60,16.49,5.734,0.982,burst,,,burst,patch_slice0_band141.png
B0355+54_FB_20220918.fits,1,0,0,0.702,55.62,25.650222,25.999115,122,59840.415691484894,59840.415691484894,59840.415691484894,59840.415691484894,59840.415691484894,14,70,37,333,6.60,13.57,2.458,1.000,burst,,,burst,patch_slice0_band141.png
B0355+54_FB_20220918.fits,1,0,0,0.694,55.62,26.271752,25.999115,1640,59840.415698678524,59840.415698678524,59840.415698678524,59840.415698678524,59840.415698678524,332,41,360,362,6.60,23.33,5.734,1.000,burst,,,burst,patch_slice0_band141.png
B0355+54_FB_20220918.fits,1,0,0,0.681,55.62,26.427137,25.999115,2019,59840.415700476966,59840.415700476966,59840.415700476966,59840.415700476966,59840.415700476966,414,59,439,344,6.60,17.87,12.288,1.000,burst,,,burst,patch_slice0_band141.png
B0355+54_FB_20220918.fits,1,0,0,0.677,55.59,25.803679,25.999115,497,59840.415693261006,59840.415693261006,59840.415693261006,59840.415693261006,59840.415693261006,96,95,113,307,6.60,15.07,2.458,1.000,burst,,,burst,patch_slice0_band141.png
B0355+54_FB_20220918.fits,1,0,0,0.673,54.52,26.116134,25.999115,1260,59840.415696877390,59840.415696877390,59840.415696877390,59840.415696877390,59840.415696877390,254,29,278,366,6.60,13.57,8.192,1.000,burst,,,burst,patch_slice0_band141.png
B0355+54_FB_20220918.fits,1,0,0,0.590,55.68,26.583078,25.999115,2400,59840.415702281825,59840.415702281825,59840.415702281825,59840.415702281825,59840.415702281825,503,89,511,314,6.60,17.31,8.192,1.000,burst,,,burst,patch_slice0_band141.png
B0355+54_FB_20220918.fits,1,1,0,0.804,55.65,26.745285,26.777677,375,59840.415704159233,59840.415704159233,59840.415704159233,59840.415704159233,59840.415704159233,62,3,96,400,12.30,44.33,2.458,1.000,burst,,,burst,patch_slice1_band141.png
B0355+54_FB_20220918.fits,1,1,0,0.686,55.66,27.364899,26.777677,1887,59840.415711330686,59840.415711330686,59840.415711330686,59840.415711330686,59840.415711330686,385,43,412,360,12.30,17.38,3.686,1.000,burst,,,burst,patch_slice1_band141.png
B0355+54_FB_20220918.fits,1,1,0,0.661,54.56,27.054931,26.777677,1131,59840.415707743094,59840.415707743094,59840.415707743094,59840.415707743094,59840.415707743094,228,64,249,331,12.30,11.05,2.458,1.000,burst,,,burst,patch_slice1_band141.png
B0355+54_FB_20220918.fits,1,1,0,0.650,56.68,27.527410,26.777677,2284,59840.415713211609,59840.415713211609,59840.415713211609,59840.415713211609,59840.415713211609,469,53,496,357,12.30,20.07,12.288,1.000,burst,,,burst,patch_slice1_band141.png
B0355+54_FB_20220918.fits,1,1,0,0.494,53.39,27.214031,26.777677,1519,59840.415709584537,59840.415709584537,59840.415709584537,59840.415709584537,59840.415709584537,307,39,335,348,12.30,10.14,8.192,1.000,burst,,,burst,patch_slice1_band141.png
B0355+54_FB_20220918.fits,1,1,0,0.455,53.44,26.898166,26.777677,748,59840.415705928688,59840.415705928688,59840.415705928688,59840.415705928688,59840.415705928688,149,99,166,288,12.30,9.11,1.638,1.000,burst,,,burst,patch_slice1_band141.png
B0355+54_FB_20220918.fits,1,2,0,0.856,56.67,27.682671,28.040176,242,59840.415715008610,59840.415715008610,59840.415715008610,59840.415715008610,59840.415715008610,34,14,68,397,69.82,92.09,2.458,1.000,burst,,,burst,patch_slice2_band141.png
B0355+54_FB_20220918.fits,1,2,0,0.838,56.68,28.150182,28.040176,1384,59840.415720419616,59840.415720419616,59840.415720419616,59840.415720419616,59840.415720419616,279,53,306,358,69.82,42.48,2.458,1.000,burst,,,burst,patch_slice2_band141.png
B0355+54_FB_20220918.fits,1,2,0,0.777,55.70,28.305334,28.040176,1762,59840.415722215359,59840.415722215359,59840.415722215359,59840.415722215359,59840.415722215359,364,102,381,301,69.82,17.41,1.638,1.000,burst,,,burst,patch_slice2_band141.png
B0355+54_FB_20220918.fits,1,2,0,0.771,56.65,27.840250,28.040176,627,59840.415716832431,59840.415716832431,59840.415716832431,59840.415716832431,59840.415716832431,118,47,146,363,69.82,40.62,3.686,1.000,burst,,,burst,patch_slice2_band141.png
B0355+54_FB_20220918.fits,1,2,0,0.642,55.65,27.992087,28.040176,998,59840.415718589808,59840.415718589808,59840.415718589808,59840.415718589808,59840.415718589808,201,90,221,313,69.82,22.72,8.192,1.000,burst,,,burst,patch_slice2_band141.png
B0355+54_FB_20220918.fits,1,3,0,0.889,56.74,29.556112,28.656059,2395,59840.415736691946,59840.415736691946,59840.415736691946,59840.415736691946,59840.415736691946,502,136,511,275,14.88,32.57,1.638,1.000,burst,,,burst,patch_slice3_band141.png
B0355+54_FB_20220918.fits,1,3,0,0.879,56.76,29.087801,28.656059,1252,59840.415731271678,59840.415731271678,59840.415731271678,59840.415731271678,59840.415731271678,256,115,272,296,14.88,17.43,0.819,1.000,burst,,,burst,patch_slice3_band141.png
B0355+54_FB_20220918.fits,1,3,0,0.852,56.68,29.399053,28.656059,2012,59840.415734874143,59840.415734874143,59840.415734874143,59840.415734874143,59840.415734874143,414,90,436,321,14.88,21.71,12.288,0.051,no_burst,,,no_burst,patch_slice3_band141.png
B0355+54_FB_20220918.fits,1,3,0,0.842,56.67,28.620293,28.656059,110,59840.415725860708,59840.415725860708,59840.415725860708,59840.415725860708,59840.415725860708,9,23,37,387,14.88,48.55,8.192,1.000,burst,,,burst,patch_slice3_band141.png
B0355+54_FB_20220918.fits,1,3,0,0.836,56.67,29.247247,28.656059,1641,59840.415733117130,59840.415733117130,59840.415733117130,59840.415733117130,59840.415733117130,338,90,356,321,14.88,20.80,2.458,1.000,burst,,,burst,patch_slice3_band141.png
B0355+54_FB_20220918.fits,1,3,0,0.823,55.72,28.777295,28.656059,494,59840.415727677864,59840.415727677864,59840.415727677864,59840.415727677864,59840.415727677864,91,58,117,346,14.88,88.92,1.638,1.000,burst,,,burst,patch_slice3_band141.png
B0355+54_FB_20220918.fits,1,3,0,0.810,55.71,28.930044,28.656059,866,59840.415729445791,59840.415729445791,59840.415729445791,59840.415729445791,59840.415729445791,173,77,193,327,14.88,15.99,2.458,1.000,burst,,,burst,patch_slice3_band141.png
B0355+54_FB_20220918.fits,1,4,0,0.795,55.61,30.335013,30.385695,1876,59840.415745707011,59840.415745707011,59840.415745707011,59840.415745707011,59840.415745707011,382,23,410,380,6.92,35.44,5.734,1.000,burst,,,burst,patch_slice4_band141.png
B0355+54_FB_20220918.fits,1,4,0,0.730,55.62,30.026907,30.385695,1123,59840.415742140962,59840.415742140962,59840.415742140962,59840.415742140962,59840.415742140962,228,66,246,337,6.92,14.93,12.288,1.000,burst,,,burst,patch_slice4_band141.png
B0355+54_FB_20220918.fits,1,4,0,0.689,54.53,30.493718,30.385695,2263,59840.415747543877,59840.415747543877,59840.415747543877,59840.415747543877,59840.415747543877,464,46,492,349,6.92,17.76,3.686,1.000,burst,,,burst,patch_slice4_band141.png
B0355+54_FB_20220918.fits,1,4,0,0.677,55.59,30.182856,30.385695,1504,59840.415743945930,59840.415743945930,59840.415743945930,59840.415743945930,59840.415743945930,305,44,331,359,6.92,16.68,3.686,0.990,burst,,,burst,patch_slice4_band141.png
B0355+54_FB_20220918.fits,1,4,0,0.569,54.51,29.870625,30.385695,742,59840.415740332151,59840.415740332151,59840.415740332151,59840.415740332151,59840.415740332151,145,66,168,329,6.92,13.02,3.686,0.999,burst,,,burst,patch_slice4_band141.png
B0355+54_FB_20220918.fits,1,4,0,0.566,55.60,29.712320,30.385695,355,59840.415738499913,59840.415738499913,59840.415738499913,59840.415738499913,59840.415738499913,62,40,87,362,6.92,11.88,8.192,0.281,no_burst,,,no_burst,patch_slice4_band141.png
B0355+54_FB_20220918.fits,1,5,0,0.809,55.66,31.282117,31.315871,1767,59840.415756668866,59840.415756668866,59840.415756668866,59840.415756668866,59840.415756668866,357,22,390,381,12.24,41.70,2.458,1.000,burst,,,burst,patch_slice5_band141.png
B0355+54_FB_20220918.fits,1,5,0,0.779,54.56,30.655060,31.315871,236,59840.415749411251,59840.415749411251,59840.415749411251,59840.415749411251,59840.415749411251,36,8,63,387,12.24,29.28,3.686,1.000,burst,,,burst,patch_slice5_band141.png
B0355+54_FB_20220918.fits,1,5,0,0.699,54.56,31.124956,31.315871,1383,59840.415754849870,59840.415754849870,59840.415754849870,59840.415754849870,59840.415754849870,282,36,303,359,12.24,24.85,2.458,1.000,burst,,,burst,patch_slice5_band141.png
B0355+54_FB_20220918.fits,1,5,0,0.601,56.70,31.436838,31.315871,2145,59840.415758459611,59840.415758459611,59840.415758459611,59840.415758459611,59840.415758459611,440,32,467,378,12.24,16.55,8.192,0.009,no_burst,,,no_burst,patch_slice5_band141.png
B0355+54_FB_20220918.fits,1,5,0,0.552,53.40,30.964382,31.315871,991,59840.415752991372,59840.415752991372,59840.415752991372,59840.415752991372,59840.415752991372,196,21,222,366,12.24,17.76,5.734,1.000,burst,,,burst,patch_slice5_band141.png
B0355+54_FB_20220918.fits,1,5,0,0.415,52.28,30.810731,31.315871,616,59840.415751213011,59840.415751213011,59840.415751213011,59840.415751213011,59840.415751213011,115,24,144,354,12.24,13.17,8.192,1.000,burst,,,burst,patch_slice5_band141.png
B0355+54_FB_20220918.fits,1,6,0,0.833,55.69,32.372682,31.777272,2008,59840.415769291147,59840.415769291147,59840.415769291147,59840.415769291147,59840.415769291147,412,44,436,360,10.93,32.54,2.458,1.000,burst,,,burst,patch_slice6_band141.png
B0355+54_FB_20220918.fits,1,6,0,0.728,55.62,31.587113,31.777272,90,59840.415760198906,59840.415760198906,59840.415760198906,59840.415760198906,59840.415760198906,8,59,29,344,10.93,16.12,5.734,1.000,burst,,,burst,patch_slice6_band141.png
B0355+54_FB_20220918.fits,1,6,0,0.671,54.53,31.745463,31.777272,477,59840.415762031655,59840.415762031655,59840.415762031655,59840.415762031655,59840.415762031655,90,73,111,322,10.93,18.51,2.458,1.000,burst,,,burst,patch_slice6_band141.png
B0355+54_FB_20220918.fits,1,6,0,0.544,54.49,31.902394,31.777272,860,59840.415763847996,59840.415763847996,59840.415763847996,59840.415763847996,59840.415763847996,170,61,193,334,10.93,9.41,5.734,1.000,burst,,,burst,patch_slice6_band141.png
B0355+54_FB_20220918.fits,1,7,0,0.791,55.64,33.311522,33.338902,1879,59840.415780157338,59840.415780157338,59840.415780157338,59840.415780157338,59840.415780157338,383,34,411,369,10.54,27.90,2.458,1.000,burst,,,burst,patch_slice7_band141.png
B0355+54_FB_20220918.fits,1,7,0,0.782,55.64,32.687696,33.338902,356,59840.415772937136,59840.415772937136,59840.415772937136,59840.415772937136,59840.415772937136,59,11,91,392,10.54,32.99,5.734,1.000,burst,,,burst,patch_slice7_band141.png
B0355+54_FB_20220918.fits,1,7,0,0.734,55.63,33.157173,33.338902,1503,59840.415778370894,59840.415778370894,59840.415778370894,59840.415778370894,59840.415778370894,305,52,330,351,10.54,17.06,3.686,1.000,burst,,,burst,patch_slice7_band141.png
B0355+54_FB_20220918.fits,1,7,0,0.690,55.63,32.841633,33.338902,732,59840.415774718815,59840.415774718815,59840.415774718815,59840.415774718815,59840.415774718815,146,54,163,349,10.54,20.08,1.638,1.000,burst,,,burst,patch_slice7_band141.png
B0355+54_FB_20220918.fits,1,7,0,0.660,54.53,33.472705,33.338902,2273,59840.415782022887,59840.415782022887,59840.415782022887,59840.415782022887,59840.415782022887,463,12,497,383,10.54,31.45,5.734,1.000,burst,,,burst,patch_slice7_band141.png
B0355+54_FB_20220918.fits,1,7,0,0.424,52.31,32.995268,33.338902,1107,59840.415776496993,59840.415776496993,59840.415776496993,59840.415776496993,59840.415776496993,222,29,246,350,10.54,9.41,12.288,1.000,burst,,,burst,patch_slice7_band141.png
B0355+54_FB_20220918.fits,1,8,0,0.825,55.61,33.620265,34.130167,212,59840.415783730758,59840.415783730758,59840.415783730758,59840.415783730758,59840.415783730758,31,35,58,368,10.37,25.67,1.638,1.000,burst,,,burst,patch_slice8_band141.png
B0355+54_FB_20220918.fits,1,8,0,0.714,55.61,34.409703,34.130167,2140,59840.415792867767,59840.415792867767,59840.415792867767,59840.415792867767,59840.415792867767,439,14,465,388,10.37,41.44,2.458,1.000,burst,,,burst,patch_slice8_band141.png
B0355+54_FB_20220918.fits,1,8,0,0.662,54.51,34.250256,34.130167,1750,59840.415791022322,59840.415791022322,59840.415791022322,59840.415791022322,59840.415791022322,361,44,378,350,10.37,14.74,8.192,1.000,burst,,,burst,patch_slice8_band141.png
B0355+54_FB_20220918.fits,1,8,0,0.517,53.41,33.776354,34.130167,593,59840.415785537341,59840.415785537341,59840.415785537341,59840.415785537341,59840.415785537341,112,48,138,339,10.37,12.50,5.734,1.000,burst,,,burst,patch_slice8_band141.png
B0355+54_FB_20220918.fits,1,8,0,0.372,55.61,33.933446,34.130167,977,59840.415787355538,59840.415787355538,59840.415787355538,59840.415787355538,59840.415787355538,199,94,214,309,10.37,7.23,5.734,1.000,burst,,,burst,patch_slice8_band141.png
B0355+54_FB_20220918.fits,1,8,0,0.300,55.53,34.388033,34.130167,2087,59840.415792616957,59840.415792616957,59840.415792616957,59840.415792616957,59840.415792616957,436,131,446,271,10.37,38.87,2.458,1.000,burst,,,burst,patch_slice8_band141.png
B0355+54_FB_20220918.fits,1,9,0,0.864,55.66,34.721637,34.898894,480,59840.415796478126,59840.415796478126,59840.415796478126,59840.415796478126,59840.415796478126,87,38,115,365,14.22,54.61,2.458,1.000,burst,,,burst,patch_slice9_band141.png
B0355+54_FB_20220918.fits,1,9,0,0.765,55.68,34.561651,34.898894,90,59840.415794626424,59840.415794626424,59840.415794626424,59840.415794626424,59840.415794626424,10,98,27,305,14.22,15.49,8.192,1.000,burst,,,burst,patch_slice9_band141.png
B0355+54_FB_20220918.fits,1,9,0,0.761,55.57,35.342437,34.898894,1996,59840.415803663302,59840.415803663302,59840.415803663302,59840.415803663302,59840.415803663302,411,70,433,333,14.22,16.77,2.458,1.000,burst,,,burst,patch_slice9_band141.png
B0355+54_FB_20220918.fits,1,9,0,0.744,55.60,34.874619,34.898894,854,59840.415798248738,59840.415798248738,59840.415798248738,59840.415798248738,59840.415798248738,170,52,190,350,14.22,20.59,12.288,1.000,burst,,,burst,patch_slice9_band141.png
B0355+54_FB_20220918.fits,1,9,0,0.705,56.69,35.029215,34.898894,1231,59840.415800038048,59840.415800038048,59840.415800038048,59840.415800038048,59840.415800038048,256,130,264,281,14.22,11.67,1.638,1.000,burst,,,burst,patch_slice9_band141.png
B0355+54_FB_20220918.fits,1,9,0,0.627,54.51,35.193834,34.898894,1633,59840.415801943360,59840.415801943360,59840.415801943360,59840.415801943360,59840.415801943360,335,38,355,357,14.22,20.84,12.288,0.954,burst,,,burst,patch_slice9_band141.png
B0355+54_FB_20220918.fits,1,9,0,0.568,53.44,35.502477,34.898894,2386,59840.415805515615,59840.415805515615,59840.415805515615,59840.415805515615,59840.415805515615,498,75,510,313,14.22,16.11,12.288,0.997,burst,,,burst,patch_slice9_band141.png
B0355+54_FB_20220918.fits,1,10,0,0.756,55.61,36.284564,36.316695,1875,59840.415814567554,59840.415814567554,59840.415814567554,59840.415814567554,59840.415814567554,384,34,409,368,10.60,25.50,2.458,0.998,burst,,,burst,patch_slice10_band141.png
B0355+54_FB_20220918.fits,1,10,0,0.726,56.67,36.441460,36.316695,2258,59840.415816383473,59840.415816383473,59840.415816383473,59840.415816383473,59840.415816383473,465,58,490,353,10.60,12.26,1.638,1.000,burst,,,burst,patch_slice10_band141.png
B0355+54_FB_20220918.fits,1,10,0,0.696,55.60,35.812778,36.316695,723,59840.415809107064,59840.415809107064,59840.415809107064,59840.415809107064,59840.415809107064,142,79,163,324,10.60,14.34,2.458,1.000,burst,,,burst,patch_slice10_band141.png
B0355+54_FB_20220918.fits,1,10,0,0.636,53.42,35.970838,36.316695,1109,59840.415810936465,59840.415810936465,59840.415810936465,59840.415810936465,59840.415810936465,221,41,247,346,10.60,12.11,5.734,1.000,burst,,,burst,patch_slice10_band141.png
B0355+54_FB_20220918.fits,1,10,0,0.603,54.51,36.125867,36.316695,1487,59840.415812730782,59840.415812730782,59840.415812730782,59840.415812730782,59840.415812730782,302,20,327,375,10.60,15.74,5.734,0.967,burst,,,burst,patch_slice10_band141.png
B0355+54_FB_20220918.fits,1,10,0,0.562,55.61,35.654434,36.316695,336,59840.415807274388,59840.415807274388,59840.415807274388,59840.415807274388,59840.415807274388,60,59,81,344,10.60,13.52,5.734,0.988,burst,,,burst,patch_slice10_band141.png
B0355+54_FB_20220918.fits,1,10,0,0.311,55.58,36.178240,36.316695,1615,59840.415813336956,59840.415813336956,59840.415813336956,59840.415813336956,59840.415813336956,332,92,351,310,10.60,14.61,5.734,0.997,burst,,,burst,patch_slice10_band141.png
B0355+54_FB_20220918.fits,1,11,0,0.783,55.59,36.596647,36.946921,217,59840.415818179616,59840.415818179616,59840.415818179616,59840.415818179616,59840.415818179616,30,21,61,382,10.51,31.72,2.458,1.000,burst,,,burst,patch_slice11_band141.png
B0355+54_FB_20220918.fits,1,11,0,0.649,55.64,37.219143,36.946921,1737,59840.415825384443,59840.415825384443,59840.415825384443,59840.415825384443,59840.415825384443,355,32,379,371,10.51,14.07,3.686,1.000,burst,,,burst,patch_slice11_band141.png
B0355+54_FB_20220918.fits,1,11,0,0.482,54.51,37.063394,36.946921,1356,59840.415823581781,59840.415823581781,59840.415823581781,59840.415823581781,59840.415823581781,274,56,299,339,10.51,11.88,3.686,1.000,burst,,,burst,patch_slice11_band141.png
B0355+54_FB_20220918.fits,1,11,0,0.451,54.50,37.373205,36.946921,2113,59840.415827167562,59840.415827167562,59840.415827167562,59840.415827167562,59840.415827167562,434,46,459,349,10.51,9.14,2.458,1.000,burst,,,burst,patch_slice11_band141.png
B0355+54_FB_20220918.fits,1,11,0,0.384,55.60,36.752378,36.946921,597,59840.415819982067,59840.415819982067,59840.415819982067,59840.415819982067,59840.415819982067,117,87,135,316,10.51,8.83,12.288,0.988,burst,,,burst,patch_slice11_band141.png
B0355+54_FB_20220918.fits,1,12,0,0.895,56.72,37.694746,37.729170,478,59840.415830889098,59840.415830889098,59840.415830889098,59840.415830889098,59840.415830889098,88,62,114,348,16.04,40.33,8.192,1.000,burst,,,burst,patch_slice12_band141.png
B0355+54_FB_20220918.fits,1,12,0,0.866,56.65,37.844929,37.729170,844,59840.415832627325,59840.415832627325,59840.415832627325,59840.415832627325,59840.415832627325,169,86,187,325,16.04,127.01,1.638,1.000,burst,,,burst,patch_slice12_band141.png
B0355+54_FB_20220918.fits,1,12,0,0.791,55.67,37.530804,37.729170,77,59840.415828991630,59840.415828991630,59840.415828991630,59840.415828991630,59840.415828991630,11,147,20,257,16.04,9.71,12.288,1.000,burst,,,burst,patch_slice12_band141.png
B0355+54_FB_20220918.fits,1,12,0,0.774,55.60,38.470955,37.729170,2373,59840.415839873000,59840.415839873000,59840.415839873000,59840.415839873000,59840.415839873000,495,121,508,282,16.04,9.08,3.686,1.000,burst,,,burst,patch_slice12_band141.png
B0355+54_FB_20220918.fits,1,12,0,0.678,55.65,38.313130,37.729170,1987,59840.415838046327,59840.415838046327,59840.415838046327,59840.415838046327,59840.415838046327,416,156,424,247,16.04,9.48,12.288,0.370,no_burst,,,no_burst,patch_slice12_band141.png
B0355+54_FB_20220918.fits,1,12,0,0.645,54.48,38.158152,37.729170,1609,59840.415836252600,59840.415836252600,59840.415836252600,59840.415836252600,59840.415836252600,333,100,347,295,16.04,16.01,2.458,0.826,burst,,,burst,patch_slice12_band141.png
B0355+54_FB_20220918.fits,1,12,0,0.626,57.85,38.000346,37.729170,1224,59840.415834426138,59840.415834426138,59840.415834426138,59840.415834426138,59840.415834426138,250,98,267,321,16.04,15.07,5.734,1.000,burst,,,burst,patch_slice12_band141.png
B0355+54_FB_20220918.fits,1,13,0,0.850,56.67,38.626758,38.649102,333,59840.415841676280,59840.415841676280,59840.415841676280,59840.415841676280,59840.415841676280,58,47,82,363,9.04,39.75,1.638,1.000,burst,,,burst,patch_slice13_band141.png
B0355+54_FB_20220918.fits,1,13,0,0.799,56.71,39.095208,38.649102,1477,59840.415847098157,59840.415847098157,59840.415847098157,59840.415847098157,59840.415847098157,302,62,322,349,9.04,26.89,1.229,1.000,burst,,,burst,patch_slice13_band141.png
B0355+54_FB_20220918.fits,1,13,0,0.791,56.71,39.408238,38.649102,2241,59840.415850721191,59840.415850721191,59840.415850721191,59840.415850721191,59840.415850721191,465,109,482,302,9.04,21.36,12.288,1.000,burst,,,burst,patch_slice13_band141.png
B0355+54_FB_20220918.fits,1,13,0,0.762,55.65,39.250767,38.649102,1857,59840.415848898607,59840.415848898607,59840.415848898607,59840.415848898607,59840.415848898607,383,86,402,318,9.04,10.27,3.686,1.000,burst,,,burst,patch_slice13_band141.png
B0355+54_FB_20220918.fits,1,13,0,0.644,57.83,38.937843,38.649102,1093,59840.415845276802,59840.415845276802,59840.415845276802,59840.415845276802,59840.415845276802,216,22,246,397,9.04,15.14,12.288,0.968,burst,,,burst,patch_slice13_band141.png
B0355+54_FB_20220918.fits,1,14,0,0.868,56.66,40.035545,40.087803,1353,59840.415857981687,59840.415857981687,59840.415857981687,59840.415857981687,59840.415857981687,275,60,296,350,9.16,51.98,1.638,1.000,burst,,,burst,patch_slice14_band141.png
B0355+54_FB_20220918.fits,1,14,0,0.800,55.67,39.723199,40.087803,590,59840.415854366569,59840.415854366569,59840.415854366569,59840.415854366569,59840.415854366569,112,53,137,350,9.16,28.61,2.458,0.892,burst,,,burst,patch_slice14_band141.png
B0355+54_FB_20220918.fits,1,14,0,0.761,55.64,39.879578,40.087803,972,59840.415856176507,59840.415856176507,59840.415856176507,59840.415856176507,59840.415856176507,195,69,216,334,9.16,20.96,12.288,0.009,no_burst,,,no_burst,patch_slice14_band141.png
B0355+54_FB_20220918.fits,1,14,0,0.650,55.66,40.192591,40.087803,1736,59840.415859799352,59840.415859799352,59840.415859799352,59840.415859799352,59840.415859799352,360,118,374,285,9.16,9.72,8.192,0.992,burst,,,burst,patch_slice14_band141.png
B0355+54_FB_20220918.fits,1,14,0,0.588,55.65,40.345778,40.087803,2110,59840.415861572343,59840.415861572343,59840.415861572343,59840.415861572343,59840.415861572343,439,107,453,296,9.16,9.57,2.458,1.000,burst,,,burst,patch_slice14_band141.png
B0355+54_FB_20220918.fits,1,14,0,0.479,56.72,39.564236,40.087803,202,59840.415852526719,59840.415852526719,59840.415852526719,59840.415852526719,59840.415852526719,35,115,50,296,9.16,5.94,12.288,0.993,burst,,,burst,patch_slice14_band141.png
B0355+54_FB_20220918.fits,1,15,0,0.744,55.65,40.971795,40.620093,1218,59840.415868817916,59840.415868817916,59840.415868817916,59840.415868817916,59840.415868817916,246,63,269,340,14.20,11.62,2.458,1.000,burst,,,burst,patch_slice15_band141.png
B0355+54_FB_20220918.fits,1,15,0,0.734,55.65,41.287950,40.620093,1990,59840.415872477111,59840.415872477111,59840.415872477111,59840.415872477111,59840.415872477111,407,31,434,372,14.20,33.67,1.638,1.000,burst,,,burst,patch_slice15_band141.png
B0355+54_FB_20220918.fits,1,15,0,0.704,55.58,40.815133,40.620093,836,59840.415867004696,59840.415867004696,59840.415867004696,59840.415867004696,59840.415867004696,166,79,186,324,14.20,11.15,2.458,1.000,burst,,,burst,patch_slice15_band141.png
B0355+54_FB_20220918.fits,1,15,0,0.697,55.59,40.659947,40.620093,457,59840.415865208561,59840.415865208561,59840.415865208561,59840.415865208561,59840.415865208561,86,92,106,311,14.20,10.06,12.288,1.000,burst,,,burst,patch_slice15_band141.png
B0355+54_FB_20220918.fits,1,15,0,0.651,55.60,41.444812,40.620093,2373,59840.415874292652,59840.415874292652,59840.415874292652,59840.415874292652,59840.415874292652,492,63,511,339,14.20,24.62,12.288,1.000,burst,,,burst,patch_slice15_band141.png
B0355+54_FB_20220918.fits,1,15,0,0.541,54.52,41.133015,40.620093,1612,59840.415870683879,59840.415870683879,59840.415870683879,59840.415870683879,59840.415870683879,329,22,352,373,14.20,19.39,12.288,0.088,no_burst,,,no_burst,patch_slice15_band141.png
B0355+54_FB_20220918.fits,1,15,0,0.537,56.71,40.499462,40.620093,65,59840.415863351089,59840.415863351089,59840.415863351089,59840.415863351089,59840.415863351089,7,117,20,294,14.20,10.85,12.288,0.980,burst,,,burst,patch_slice15_band141.png
B0355+54_FB_20220918.fits,1,16,0,0.908,56.78,42.225271,41.917832,1859,59840.415883325732,59840.415883325732,59840.415883325732,59840.415883325732,59840.415883325732,384,101,402,311,653.59,42.60,1.229,1.000,burst,,,burst,patch_slice16_band141.png
B0355+54_FB_20220918.fits,1,16,0,0.881,56.61,42.065900,41.917832,1469,59840.415881481160,59840.415881481160,59840.415881481160,59840.415881481160,59840.415881481160,306,149,315,261,653.59,15.62,1.638,1.000,burst,,,burst,patch_slice16_band141.png
B0355+54_FB_20220918.fits,1,16,0,0.800,56.74,41.756150,41.917832,713,59840.415877896099,59840.415877896099,59840.415877896099,59840.415877896099,59840.415877896099,140,93,161,318,653.59,23.90,5.734,1.000,burst,,,burst,patch_slice16_band141.png
B0355+54_FB_20220918.fits,1,16,0,0.759,55.59,41.597907,41.917832,327,59840.415876064581,59840.415876064581,59840.415876064581,59840.415876064581,59840.415876064581,60,90,78,312,653.59,16.49,12.288,1.000,burst,,,burst,patch_slice16_band141.png
B0355+54_FB_20220918.fits,1,16,0,0.421,56.72,42.379708,41.917832,2236,59840.415885113202,59840.415885113202,59840.415885113202,59840.415885113202,59840.415885113202,469,159,476,252,653.59,7.78,5.734,1.000,burst,,,burst,patch_slice16_band141.png
B0355+54_FB_20220918.fits,1,17,0,0.816,55.63,43.320333,43.345879,2112,59840.415896000057,59840.415896000057,59840.415896000057,59840.415896000057,59840.415896000057,433,15,460,388,9.65,44.63,3.686,1.000,burst,,,burst,patch_slice17_band141.png
B0355+54_FB_20220918.fits,1,17,0,0.753,55.63,43.160864,43.345879,1723,59840.415894154357,59840.415894154357,59840.415894154357,59840.415894154357,59840.415894154357,353,56,375,347,9.65,18.45,2.458,1.000,burst,,,burst,patch_slice17_band141.png
B0355+54_FB_20220918.fits,1,17,0,0.712,55.61,42.535271,43.345879,195,59840.415886913695,59840.415886913695,59840.415886913695,59840.415886913695,59840.415886913695,31,62,51,340,9.65,17.82,3.686,1.000,burst,,,burst,patch_slice17_band141.png
B0355+54_FB_20220918.fits,1,17,0,0.611,54.52,42.847995,43.345879,959,59840.415890533193,59840.415890533193,59840.415890533193,59840.415890533193,59840.415890533193,196,123,209,272,9.65,7.24,12.288,0.931,burst,,,burst,patch_slice17_band141.png
B0355+54_FB_20220918.fits,1,17,0,0.471,55.60,42.693289,43.345879,581,59840.415888742609,59840.415888742609,59840.415888742609,59840.415888742609,59840.415888742609,107,12,138,391,9.65,12.55,12.288,1.000,burst,,,burst,patch_slice17_band141.png
B0355+54_FB_20220918.fits,1,17,0,0.351,55.68,43.003094,43.345879,1338,59840.415892328318,59840.415892328318,59840.415892328318,59840.415892328318,59840.415892328318,275,119,290,284,9.65,5.90,5.734,0.993,burst,,,burst,patch_slice17_band141.png
B0355+54_FB_20220918.fits,1,18,0,0.869,56.72,44.416091,43.996592,2367,59840.415908682451,59840.415908682451,59840.415908682451,59840.415908682451,59840.415908682451,495,132,506,279,9.01,17.04,0.819,0.986,burst,,,burst,patch_slice18_band141.png
B0355+54_FB_20220918.fits,1,18,0,0.777,55.56,43.790727,43.996592,840,59840.415901444438,59840.415901444438,59840.415901444438,59840.415901444438,59840.415901444438,162,36,192,366,9.01,19.50,8.192,0.967,burst,,,burst,patch_slice18_band141.png
B0355+54_FB_20220918.fits,1,18,0,0.766,55.66,44.260797,43.996592,1988,59840.415906885064,59840.415906885064,59840.415906885064,59840.415906885064,59840.415906885064,406,17,435,387,9.01,29.48,3.686,1.000,burst,,,burst,patch_slice18_band141.png
B0355+54_FB_20220918.fits,1,18,0,0.732,54.51,43.946825,43.996592,1222,59840.415903251131,59840.415903251131,59840.415903251131,59840.415903251131,59840.415903251131,241,11,275,384,9.01,25.00,8.192,0.900,burst,,,burst,patch_slice18_band141.png
B0355+54_FB_20220918.fits,1,18,0,0.712,55.64,43.473922,43.996592,67,59840.415897777712,59840.415897777712,59840.415897777712,59840.415897777712,59840.415897777712,5,66,23,337,9.01,15.33,5.734,0.998,burst,,,burst,patch_slice18_band141.png
B0355+54_FB_20220918.fits,1,18,0,0.661,55.59,43.630381,43.996592,449,59840.415899588581,59840.415899588581,59840.415899588581,59840.415899588581,59840.415899588581,83,67,106,336,9.01,16.22,12.288,0.042,no_burst,,,no_burst,patch_slice18_band141.png
B0355+54_FB_20220918.fits,1,19,0,0.600,53.42,44.570870,44.539537,325,59840.415910473872,59840.415910473872,59840.415910473872,59840.415910473872,59840.415910473872,57,18,80,369,10.55,10.81,5.734,0.480,no_burst,,,no_burst,patch_slice19_band141.png
B0355+54_FB_20220918.fits,1,19,0,0.573,55.60,44.880738,44.539537,1082,59840.415914060301,59840.415914060301,59840.415914060301,59840.415914060301,59840.415914060301,218,61,239,341,10.55,12.85,3.686,0.023,no_burst,,,no_burst,patch_slice19_band141.png
B0355+54_FB_20220918.fits,1,19,0,0.533,53.42,45.352457,44.539537,2233,59840.415919520012,59840.415919520012,59840.415919520012,59840.415919520012,59840.415919520012,465,96,479,291,10.55,8.18,12.288,1.000,burst,,,burst,patch_slice19_band141.png
B0355+54_FB_20220918.fits,1,20,0,0.764,55.67,46.135257,45.596332,1724,59840.415928580202,59840.415928580202,59840.415928580202,59840.415928580202,59840.415928580202,350,29,379,374,10.18,22.09,3.686,1.000,burst,,,burst,patch_slice20_band141.png
B0355+54_FB_20220918.fits,1,20,0,0.550,55.63,46.286653,45.596332,2094,59840.415930332470,59840.415930332470,59840.415930332470,59840.415930332470,59840.415930332470,431,56,455,347,10.18,11.58,3.686,1.000,burst,,,burst,patch_slice20_band141.png
B0355+54_FB_20220918.fits,1,20,0,0.542,55.59,45.976475,45.596332,1337,59840.415926742455,59840.415926742455,59840.415926742455,59840.415926742455,59840.415926742455,270,30,295,373,10.18,13.36,8.192,1.000,burst,,,burst,patch_slice20_band141.png
B0355+54_FB_20220918.fits,1,20,0,0.379,53.41,45.819813,45.596332,954,59840.415924929228,59840.415924929228,59840.415924929228,59840.415924929228,59840.415924929228,192,22,211,365,10.18,12.34,8.192,1.000,burst,,,burst,patch_slice20_band141.png
B0355+54_FB_20220918.fits,1,21,0,0.849,56.72,47.385390,46.805971,2356,59840.415943049331,59840.415943049331,59840.415943049331,59840.415943049331,59840.415943049331,488,73,509,338,6.13,30.91,2.458,1.000,burst,,,burst,patch_slice21_band141.png
B0355+54_FB_20220918.fits,1,21,0,0.776,56.73,47.229841,46.805971,1977,59840.415941248997,59840.415941248997,59840.415941248997,59840.415941248997,59840.415941248997,406,54,430,357,6.13,29.70,1.229,1.000,burst,,,burst,patch_slice21_band141.png
B0355+54_FB_20220918.fits,1,21,0,0.731,56.69,46.442189,46.805971,54,59840.415932132659,59840.415932132659,59840.415932132659,59840.415932132659,59840.415932132659,2,72,20,339,6.13,21.77,3.686,1.000,burst,,,burst,patch_slice21_band141.png
B0355+54_FB_20220918.fits,1,21,0,0.686,54.51,47.071971,46.805971,1591,59840.415939421800,59840.415939421800,59840.415939421800,59840.415939421800,59840.415939421800,325,39,347,355,6.13,16.92,8.192,1.000,burst,,,burst,patch_slice21_band141.png
B0355+54_FB_20220918.fits,1,21,0,0.669,55.62,46.602471,46.805971,445,59840.415933987766,59840.415933987766,59840.415933987766,59840.415933987766,59840.415933987766,82,80,106,323,6.13,13.86,1.638,1.000,burst,,,burst,patch_slice21_band141.png
B0355+54_FB_20220918.fits,1,21,0,0.564,54.53,46.758157,46.805971,825,59840.415935789686,59840.415935789686,59840.415935789686,59840.415935789686,59840.415935789686,159,28,189,367,6.13,11.54,8.192,1.000,burst,,,burst,patch_slice21_band141.png
B0355+54_FB_20220918.fits,1,21,0,0.560,54.50,46.913099,46.805971,1203,59840.415937583006,59840.415937583006,59840.415937583006,59840.415937583006,59840.415937583006,244,48,264,347,6.13,13.53,3.686,0.997,burst,,,burst,patch_slice21_band141.png
B0355+54_FB_20220918.fits,1,22,0,0.864,56.75,47.695328,48.013561,693,59840.415946636575,59840.415946636575,59840.415946636575,59840.415946636575,59840.415946636575,136,81,157,330,25.58,54.52,0.819,1.000,burst,,,burst,patch_slice22_band141.png
B0355+54_FB_20220918.fits,1,22,0,0.862,56.76,47.547371,48.013561,332,59840.415944924120,59840.415944924120,59840.415944924120,59840.415944924120,59840.415944924120,53,18,86,393,25.58,40.04,3.686,1.000,burst,,,burst,patch_slice22_band141.png
B0355+54_FB_20220918.fits,1,22,0,0.812,55.69,48.010437,48.013561,1462,59840.415950283670,59840.415950283670,59840.415950283670,59840.415950283670,59840.415950283670,298,47,320,356,25.58,11.22,3.686,1.000,burst,,,burst,patch_slice22_band141.png
B0355+54_FB_20220918.fits,1,22,0,0.809,56.66,48.164789,48.013561,1839,59840.415952070158,59840.415952070158,59840.415952070158,59840.415952070158,59840.415952070158,377,73,401,337,25.58,26.94,5.734,1.000,burst,,,burst,patch_slice22_band141.png
B0355+54_FB_20220918.fits,1,22,0,0.788,55.63,48.319647,48.013561,2217,59840.415953862495,59840.415953862495,59840.415953862495,59840.415953862495,59840.415953862495,457,54,480,350,25.58,22.22,3.686,1.000,burst,,,burst,patch_slice22_band141.png
B0355+54_FB_20220918.fits,1,22,0,0.596,56.74,47.851607,48.013561,1075,59840.415948445370,59840.415948445370,59840.415948445370,59840.415948445370,59840.415948445370,218,117,236,295,25.58,12.66,0.410,1.000,burst,,,burst,patch_slice22_band141.png
B0355+54_FB_20220918.fits,1,23,0,0.813,56.65,48.637698,48.672060,574,59840.415957543635,59840.415957543635,59840.415957543635,59840.415957543635,59840.415957543635,107,35,135,375,9.40,30.26,3.686,1.000,burst,,,burst,patch_slice23_band141.png
B0355+54_FB_20220918.fits,1,23,0,0.792,55.68,48.948067,48.672060,1332,59840.415961135870,59840.415961135870,59840.415961135870,59840.415961135870,59840.415961135870,271,51,292,353,9.40,17.51,2.458,1.000,burst,,,burst,patch_slice23_band141.png
B0355+54_FB_20220918.fits,1,23,0,0.734,55.59,49.263941,48.672060,2103,59840.415964791820,59840.415964791820,59840.415964791820,59840.415964791820,59840.415964791820,432,50,457,352,9.40,28.89,5.734,0.990,burst,,,burst,patch_slice23_band141.png
B0355+54_FB_20220918.fits,1,23,0,0.679,53.44,49.103258,48.672060,1711,59840.415962932064,59840.415962932064,59840.415962932064,59840.415962932064,59840.415962932064,351,43,372,344,9.40,12.71,5.734,1.000,burst,,,burst,patch_slice23_band141.png
B0355+54_FB_20220918.fits,1,23,0,0.668,55.59,48.478410,48.672060,185,59840.415955700031,59840.415955700031,59840.415955700031,59840.415955700031,59840.415955700031,30,45,48,357,9.40,17.58,5.734,1.000,burst,,,burst,patch_slice23_band141.png
B0355+54_FB_20220918.fits,1,24,0,0.763,55.65,49.421320,49.452261,67,59840.415966613342,59840.415966613342,59840.415966613342,59840.415966613342,59840.415966613342,2,38,25,365,14.71,31.62,8.192,1.000,burst,,,burst,patch_slice24_band141.png
B0355+54_FB_20220918.fits,1,24,0,0.726,54.52,49.729004,49.452261,818,59840.415970174494,59840.415970174494,59840.415970174494,59840.415970174494,59840.415970174494,163,75,182,320,14.71,14.27,3.686,1.000,burst,,,burst,patch_slice24_band141.png
B0355+54_FB_20220918.fits,1,24,0,0.685,56.71,49.887184,49.452261,1204,59840.415972005285,59840.415972005285,59840.415972005285,59840.415972005285,59840.415972005285,241,49,268,362,14.71,16.42,8.192,1.000,burst,,,burst,patch_slice24_band141.png
B0355+54_FB_20220918.fits,1,24,0,0.556,55.61,50.353215,49.452261,2342,59840.415977399163,59840.415977399163,59840.415977399163,59840.415977399163,59840.415977399163,485,59,505,344,14.71,21.21,5.734,1.000,burst,,,burst,patch_slice24_band141.png
B0355+54_FB_20220918.fits,1,24,0,0.496,54.53,50.041342,49.452261,1581,59840.415973789517,59840.415973789517,59840.415973789517,59840.415973789517,59840.415973789517,324,84,344,311,14.71,6.41,2.458,1.000,burst,,,burst,patch_slice24_band141.png
B0355+54_FB_20220918.fits,1,24,0,0.484,54.55,49.569862,49.452261,430,59840.415968332571,59840.415968332571,59840.415968332571,59840.415968332571,59840.415968332571,80,92,101,303,14.71,12.48,5.734,1.000,burst,,,burst,patch_slice24_band141.png
B0355+54_FB_20220918.fits,1,24,0,0.372,55.62,50.199795,49.452261,1968,59840.415975623466,59840.415975623466,59840.415975623466,59840.415975623466,59840.415975623466,413,145,419,258,14.71,10.41,1.229,0.998,burst,,,burst,patch_slice24_band141.png
B0355+54_FB_20220918.fits,1,25,0,0.721,55.60,51.139312,50.551672,1841,59840.415986497508,59840.415986497508,59840.415986497508,59840.415986497508,59840.415986497508,376,42,402,361,9.75,22.25,1.638,1.000,burst,,,burst,patch_slice25_band141.png
B0355+54_FB_20220918.fits,1,25,0,0.654,54.54,51.292129,50.551672,2214,59840.415988266221,59840.415988266221,59840.415988266221,59840.415988266221,59840.415988266221,458,48,478,347,9.75,16.91,2.458,1.000,burst,,,burst,patch_slice25_band141.png
B0355+54_FB_20220918.fits,1,25,0,0.516,56.69,50.983013,50.551672,1460,59840.415984688487,59840.415984688487,59840.415984688487,59840.415984688487,59840.415984688487,296,36,321,375,9.75,12.69,8.192,1.000,burst,,,burst,patch_slice25_band141.png
B0355+54_FB_20220918.fits,1,25,0,0.442,56.75,51.365823,50.551672,2394,59840.415989119159,59840.415989119159,59840.415989119159,59840.415989119159,59840.415989119159,503,90,510,322,9.75,20.91,1.638,1.000,burst,,,burst,patch_slice25_band141.png
B0355+54_FB_20220918.fits,1,25,0,0.381,55.62,50.823456,50.551672,1070,59840.415982841761,59840.415982841761,59840.415982841761,59840.415982841761,59840.415982841761,213,46,239,357,9.75,9.58,5.734,1.000,burst,,,burst,patch_slice25_band141.png
B0355+54_FB_20220918.fits,2,0,0,0.769,55.61,51.291165,51.638043,222,59840.415988255059,59840.415988255059,59840.415988255059,59840.415988255059,59840.415988255059,35,21,58,381,9.70,19.69,1.638,1.000,burst,,,burst,patch_slice0_band141.png
B0355+54_FB_20220918.fits,2,0,0,0.675,54.48,52.077095,51.638043,2141,59840.415997351469,59840.415997351469,59840.415997351469,59840.415997351469,59840.415997351469,439,32,466,362,9.70,19.97,3.686,1.000,burst,,,burst,patch_slice0_band141.png
B0355+54_FB_20220918.fits,2,0,0,0.635,54.49,51.762427,51.638043,1373,59840.415993709481,59840.415993709481,59840.415993709481,59840.415993709481,59840.415993709481,278,47,302,348,9.70,11.61,3.686,1.000,burst,,,burst,patch_slice0_band141.png
B0355+54_FB_20220918.fits,2,0,0,0.534,54.51,51.449713,51.638043,609,59840.415990090107,59840.415990090107,59840.415990090107,59840.415990090107,59840.415990090107,115,61,142,334,9.70,12.80,2.458,1.000,burst,,,burst,patch_slice0_band141.png
B0355+54_FB_20220918.fits,2,0,0,0.446,54.50,51.606886,51.638043,993,59840.415991909242,59840.415991909242,59840.415991909242,59840.415991909242,59840.415991909242,200,83,219,312,9.70,11.77,12.288,1.000,burst,,,burst,patch_slice0_band141.png
B0355+54_FB_20220918.fits,2,0,0,0.405,52.31,51.918925,51.638043,1755,59840.415995520809,59840.415995520809,59840.415995520809,59840.415995520809,59840.415995520809,359,26,383,353,9.70,9.21,12.288,0.507,burst,,,burst,patch_slice0_band141.png
B0355+54_FB_20220918.fits,2,1,0,0.785,55.67,52.545132,53.049698,863,59840.416002768565,59840.416002768565,59840.416002768565,59840.416002768565,59840.416002768565,169,28,195,376,6.82,26.71,5.734,1.000,burst,,,burst,patch_slice1_band141.png
B0355+54_FB_20220918.fits,2,1,0,0.737,55.63,52.855429,53.049698,1620,59840.416006359970,59840.416006359970,59840.416006359970,59840.416006359970,59840.416006359970,333,68,351,335,6.82,15.57,2.458,1.000,burst,,,burst,patch_slice1_band141.png
B0355+54_FB_20220918.fits,2,1,0,0.717,55.65,52.697630,53.049698,1235,59840.416004533596,59840.416004533596,59840.416004533596,59840.416004533596,59840.416004533596,248,50,273,353,6.82,13.65,5.734,1.000,burst,,,burst,patch_slice1_band141.png
B0355+54_FB_20220918.fits,2,1,0,0.686,55.61,53.011762,53.049698,2002,59840.416008169384,59840.416008169384,59840.416008169384,59840.416008169384,59840.416008169384,413,65,433,338,6.82,30.81,1.638,1.000,burst,,,burst,patch_slice1_band141.png
B0355+54_FB_20220918.fits,2,1,0,0.570,56.69,52.387491,53.049698,478,59840.416000944024,59840.416000944024,59840.416000944024,59840.416000944024,59840.416000944024,89,83,113,328,6.82,10.47,5.734,1.000,burst,,,burst,patch_slice1_band141.png
B0355+54_FB_20220918.fits,2,1,0,0.555,54.54,52.233206,53.049698,101,59840.415999158315,59840.415999158315,59840.415999158315,59840.415999158315,59840.415999158315,8,25,33,370,6.82,13.01,8.192,1.000,burst,,,burst,patch_slice1_band141.png
B0355+54_FB_20220918.fits,2,2,0,0.875,56.69,54.109999,53.352928,2262,59840.416020880461,59840.416020880461,59840.416020880461,59840.416020880461,59840.416020880461,464,45,492,366,12.11,49.16,3.686,1.000,burst,,,burst,patch_slice2_band141.png
B0355+54_FB_20220918.fits,2,2,0,0.867,55.63,53.326181,53.352928,348,59840.416011808491,59840.416011808491,59840.416011808491,59840.416011808491,59840.416011808491,60,34,87,369,12.11,53.02,1.638,1.000,burst,,,burst,patch_slice2_band141.png
B0355+54_FB_20220918.fits,2,2,0,0.834,56.66,53.480853,53.352928,726,59840.416013598675,59840.416013598675,59840.416013598675,59840.416013598675,59840.416013598675,143,80,163,330,12.11,29.81,1.229,1.000,burst,,,burst,patch_slice2_band141.png
B0355+54_FB_20220918.fits,2,2,0,0.804,55.66,53.951227,53.352928,1874,59840.416019042816,59840.416019042816,59840.416019042816,59840.416019042816,59840.416019042816,386,75,406,329,12.11,29.01,1.638,1.000,burst,,,burst,patch_slice2_band141.png
B0355+54_FB_20220918.fits,2,2,0,0.773,56.69,53.636664,53.352928,1106,59840.416015402043,59840.416015402043,59840.416015402043,59840.416015402043,59840.416015402043,222,42,245,369,12.11,14.65,2.458,1.000,burst,,,burst,patch_slice2_band141.png
B0355+54_FB_20220918.fits,2,2,0,0.668,53.45,53.792709,53.352928,1487,59840.416017208117,59840.416017208117,59840.416017208117,59840.416017208117,59840.416017208117,302,32,326,355,12.11,21.02,8.192,1.000,burst,,,burst,patch_slice2_band141.png
B0355+54_FB_20220918.fits,2,3,0,0.838,55.67,54.262444,54.458075,213,59840.416022644866,59840.416022644866,59840.416022644866,59840.416022644866,59840.416022644866,30,16,59,388,6.65,32.30,2.458,1.000,burst,,,burst,patch_slice3_band141.png
B0355+54_FB_20220918.fits,2,3,0,0.778,55.65,55.044554,54.458075,2123,59840.416031697059,59840.416031697059,59840.416031697059,59840.416031697059,59840.416031697059,437,55,460,348,6.65,18.87,2.458,1.000,burst,,,burst,patch_slice3_band141.png
B0355+54_FB_20220918.fits,2,3,0,0.699,55.65,54.889070,54.458075,1743,59840.416029897489,59840.416029897489,59840.416029897489,59840.416029897489,59840.416029897489,356,59,380,344,6.65,17.09,1.638,1.000,burst,,,burst,patch_slice3_band141.png
B0355+54_FB_20220918.fits,2,3,0,0.625,55.59,54.735561,54.458075,1368,59840.416028120759,59840.416028120759,59840.416028120759,59840.416028120759,59840.416028120759,273,18,305,385,6.65,20.30,8.192,1.000,burst,,,burst,patch_slice3_band141.png
B0355+54_FB_20220918.fits,2,3,0,0.527,54.49,54.574876,54.458075,976,59840.416026260973,59840.416026260973,59840.416026260973,59840.416026260973,59840.416026260973,192,33,220,362,6.65,12.09,3.686,1.000,burst,,,burst,patch_slice3_band141.png
B0355+54_FB_20220918.fits,2,3,0,0.497,52.32,54.419934,54.458075,598,59840.416024467660,59840.416024467660,59840.416024467660,59840.416024467660,59840.416024467660,108,11,144,368,6.65,13.75,8.192,1.000,burst,,,burst,patch_slice3_band141.png
B0355+54_FB_20220918.fits,2,4,0,0.869,55.65,55.672209,55.706233,1234,59840.416038961594,59840.416038961594,59840.416038961594,59840.416038961594,59840.416038961594,246,26,275,377,11.53,86.37,1.638,1.000,burst,,,burst,patch_slice4_band141.png
B0355+54_FB_20220918.fits,2,4,0,0.813,55.66,55.829404,55.706233,1618,59840.416040780976,59840.416040780976,59840.416040780976,59840.416040780976,59840.416040780976,330,61,353,342,11.53,20.57,5.734,1.000,burst,,,burst,patch_slice4_band141.png
B0355+54_FB_20220918.fits,2,4,0,0.801,55.64,55.513227,55.706233,846,59840.416037121518,59840.416037121518,59840.416037121518,59840.416037121518,59840.416037121518,165,31,192,372,11.53,25.81,3.686,1.000,burst,,,burst,patch_slice4_band141.png
B0355+54_FB_20220918.fits,2,4,0,0.678,55.60,55.984840,55.706233,1997,59840.416042580007,59840.416042580007,59840.416042580007,59840.416042580007,59840.416042580007,410,59,434,344,11.53,13.59,3.686,1.000,burst,,,burst,patch_slice4_band141.png
B0355+54_FB_20220918.fits,2,4,0,0.599,56.69,55.201279,55.706233,84,59840.416033511014,59840.416033511014,59840.416033511014,59840.416033511014,59840.416033511014,8,87,26,323,11.53,9.36,2.458,1.000,burst,,,burst,patch_slice4_band141.png
B0355+54_FB_20220918.fits,2,4,0,0.532,55.61,55.358229,55.706233,467,59840.416035327566,59840.416035327566,59840.416035327566,59840.416035327566,59840.416035327566,88,77,109,326,11.53,10.71,3.686,1.000,burst,,,burst,patch_slice4_band141.png
B0355+54_FB_20220918.fits,2,5,0,0.848,55.69,57.078389,56.478238,2246,59840.416055236819,59840.416055236819,59840.416055236819,59840.416055236819,59840.416055236819,461,37,488,367,9.93,49.56,2.458,1.000,burst,,,burst,patch_slice5_band141.png
B0355+54_FB_20220918.fits,2,5,0,0.833,56.66,56.768848,56.478238,1490,59840.416051654174,59840.416051654174,59840.416051654174,59840.416051654174,59840.416051654174,304,68,325,343,9.93,35.92,1.638,0.885,burst,,,burst,patch_slice5_band141.png
B0355+54_FB_20220918.fits,2,5,0,0.775,56.67,56.454175,56.478238,722,59840.416048012121,59840.416048012121,59840.416048012121,59840.416048012121,59840.416048012121,142,65,162,345,9.93,24.90,0.819,1.000,burst,,,burst,patch_slice5_band141.png
B0355+54_FB_20220918.fits,2,5,0,0.768,55.63,56.610666,56.478238,1104,59840.416049823361,59840.416049823361,59840.416049823361,59840.416049823361,59840.416049823361,227,128,239,275,9.93,8.17,1.229,0.015,no_burst,,,no_burst,patch_slice5_band141.png
B0355+54_FB_20220918.fits,2,5,0,0.688,55.61,56.926727,56.478238,1876,59840.416053481473,59840.416053481473,59840.416053481473,59840.416053481473,59840.416053481473,385,73,408,330,9.93,16.46,12.288,0.308,no_burst,,,no_burst,patch_slice5_band141.png
B0355+54_FB_20220918.fits,2,5,0,0.634,52.30,56.298948,56.478238,343,59840.416046215520,59840.416046215520,59840.416046215520,59840.416046215520,59840.416046215520,61,43,83,335,9.93,10.81,3.686,1.000,burst,,,burst,patch_slice5_band141.png
B0355+54_FB_20220918.fits,2,6,0,0.819,55.66,57.859322,57.731722,1732,59840.416064275400,59840.416064275400,59840.416064275400,59840.416064275400,59840.416064275400,353,18,379,386,7.74,29.18,2.458,1.000,burst,,,burst,patch_slice6_band141.png
B0355+54_FB_20220918.fits,2,6,0,0.812,56.65,57.236983,57.731722,212,59840.416057072398,59840.416057072398,59840.416057072398,59840.416057072398,59840.416057072398,31,39,58,371,7.74,26.08,3.686,1.000,burst,,,burst,patch_slice6_band141.png
B0355+54_FB_20220918.fits,2,6,0,0.742,53.46,57.703563,57.731722,1351,59840.416062472636,59840.416062472636,59840.416062472636,59840.416062472636,59840.416062472636,271,12,300,376,7.74,25.53,5.734,1.000,burst,,,burst,patch_slice6_band141.png
B0355+54_FB_20220918.fits,2,6,0,0.724,54.54,57.547176,57.731722,970,59840.416060662603,59840.416060662603,59840.416060662603,59840.416060662603,59840.416060662603,194,64,215,331,7.74,13.21,3.686,1.000,burst,,,burst,patch_slice6_band141.png
B0355+54_FB_20220918.fits,2,6,0,0.685,55.60,57.393564,57.731722,595,59840.416058884679,59840.416058884679,59840.416058884679,59840.416058884679,59840.416058884679,116,74,135,329,7.74,19.32,12.288,0.990,burst,,,burst,patch_slice6_band141.png
B0355+54_FB_20220918.fits,2,7,0,0.801,56.74,58.801392,58.831543,1611,59840.416075178990,59840.416075178990,59840.416075178990,59840.416075178990,59840.416075178990,323,14,358,397,18.24,33.09,12.288,1.000,burst,,,burst,patch_slice7_band141.png
B0355+54_FB_20220918.fits,2,7,0,0.793,55.65,59.116142,58.831543,2379,59840.416078821923,59840.416078821923,59840.416078821923,59840.416078821923,59840.416078821923,493,66,512,338,18.24,43.06,3.686,1.000,burst,,,burst,patch_slice7_band141.png
B0355+54_FB_20220918.fits,2,7,0,0.756,55.62,58.641409,58.831543,1220,59840.416073327331,59840.416073327331,59840.416073327331,59840.416073327331,59840.416073327331,249,102,266,301,18.24,18.51,2.458,1.000,burst,,,burst,patch_slice7_band141.png
B0355+54_FB_20220918.fits,2,7,0,0.474,56.71,58.329256,58.831543,458,59840.416069714447,59840.416069714447,59840.416069714447,59840.416069714447,59840.416069714447,85,78,108,333,18.24,8.80,5.734,0.989,burst,,,burst,patch_slice7_band141.png
B0355+54_FB_20220918.fits,2,7,0,0.350,54.53,58.170842,58.831543,71,59840.416067880957,59840.416067880957,59840.416067880957,59840.416067880957,59840.416067880957,8,55,22,340,18.24,7.07,5.734,0.135,no_burst,,,no_burst,patch_slice7_band141.png
B0355+54_FB_20220918.fits,2,7,0,0.330,57.82,58.486452,58.831543,842,59840.416071533851,59840.416071533851,59840.416071533851,59840.416071533851,59840.416071533851,164,45,191,374,18.24,12.47,12.288,0.042,no_burst,,,no_burst,patch_slice7_band141.png
B0355+54_FB_20220918.fits,2,8,0,0.865,56.69,59.735484,59.848590,1470,59840.416085990233,59840.416085990233,59840.416085990233,59840.416085990233,59840.416085990233,297,38,324,373,12.92,29.62,1.229,1.000,burst,,,burst,patch_slice8_band141.png
B0355+54_FB_20220918.fits,2,8,0,0.845,56.63,59.270864,59.848590,336,59840.416080612697,59840.416080612697,59840.416080612697,59840.416080612697,59840.416080612697,54,12,87,399,12.92,54.19,2.458,1.000,burst,,,burst,patch_slice8_band141.png
B0355+54_FB_20220918.fits,2,8,0,0.770,55.67,59.578967,59.848590,1088,59840.416084178694,59840.416084178694,59840.416084178694,59840.416084178694,59840.416084178694,220,90,239,313,12.92,12.38,2.458,1.000,burst,,,burst,patch_slice8_band141.png
B0355+54_FB_20220918.fits,2,8,0,0.573,55.59,59.424112,59.848590,710,59840.416082386386,59840.416082386386,59840.416082386386,59840.416082386386,59840.416082386386,137,58,162,344,12.92,14.46,12.288,1.000,burst,,,burst,patch_slice8_band141.png
B0355+54_FB_20220918.fits,2,8,0,0.399,52.31,60.051013,59.848590,2240,59840.416089642189,59840.416089642189,59840.416089642189,59840.416089642189,59840.416089642189,466,85,480,293,12.92,4.98,3.686,0.999,burst,,,burst,patch_slice8_band141.png
B0355+54_FB_20220918.fits,2,9,0,0.840,55.64,60.522285,60.710335,970,59840.416095096734,59840.416095096734,59840.416095096734,59840.416095096734,59840.416095096734,189,26,220,377,16.18,32.44,2.458,1.000,burst,,,burst,patch_slice9_band141.png
B0355+54_FB_20220918.fits,2,9,0,0.754,55.57,60.678505,60.710335,1351,59840.416096904832,59840.416096904832,59840.416096904832,59840.416096904832,59840.416096904832,272,40,299,362,16.18,13.86,12.288,1.000,burst,,,burst,patch_slice9_band141.png
B0355+54_FB_20220918.fits,2,9,0,0.744,55.66,60.990139,60.710335,2112,59840.416100511713,59840.416100511713,59840.416100511713,59840.416100511713,59840.416100511713,433,21,460,382,16.18,31.28,8.192,1.000,burst,,,burst,patch_slice9_band141.png
B0355+54_FB_20220918.fits,2,9,0,0.692,55.57,60.830815,60.710335,1723,59840.416098667687,59840.416098667687,59840.416098667687,59840.416098667687,59840.416098667687,353,66,375,337,16.18,11.78,3.686,1.000,burst,,,burst,patch_slice9_band141.png
B0355+54_FB_20220918.fits,2,9,0,0.604,55.66,60.363163,60.710335,582,59840.416093255037,59840.416093255037,59840.416093255037,59840.416093255037,59840.416093255037,109,11,137,392,16.18,16.74,8.192,1.000,burst,,,burst,patch_slice9_band141.png
